"","ID","dataset","annotation","species"
"1","Zotu1","18S","Eukaryota;Opisthokonta;Holozoa;Metazoa (Animalia);Eumetazoa;Bilateria;Arthropoda;Crustacea;Maxillopoda;Copepoda;Calanoida;Centropages hamatus","Centropages hamatus"
"2","Zotu103","18S","Eukaryota;SAR;Alveolata;Ciliophora;Intramacronucleata;Spirotrichea;Oligotrichia;Pseudotontonia;uncultured eukaryote","uncultured eukaryote"
"4","Zotu106","18S","Eukaryota;SAR;Alveolata;Ciliophora;Intramacronucleata;Spirotrichea;Oligotrichia;uncultured marine eukaryote","uncultured marine eukaryote"
"5","Zotu109","18S","Eukaryota;SAR;Alveolata;Dinoflagellata;Dinophyceae;Gymnodiniphycidae;Gymnodinium clade;Paragymnodinium;uncultured marine picoplankton","uncultured marine picoplankton"
"7","Zotu111","18S","Eukaryota;Opisthokonta;Holozoa;Metazoa (Animalia);Eumetazoa;Bilateria;Annelida;Polychaeta;Palpata;Phyllodocida;Erinaceusyllis bidentata","Erinaceusyllis bidentata"
"8","Zotu112","18S","Eukaryota;SAR;Alveolata;Dinoflagellata;Dinophyceae;Gymnodiniphycidae;Gymnodinium clade;Paragymnodinium;uncultured marine plankton","uncultured marine plankton"
"9","Zotu115","18S","Eukaryota;SAR;Alveolata;Dinoflagellata;Dinophyceae;Gymnodiniphycidae;Gyrodinium;uncultured eukaryote","uncultured eukaryote"
"12","Zotu118","18S","Eukaryota;SAR;Alveolata;Ciliophora;Intramacronucleata;Spirotrichea;Choreotrichia;Tintinnopsis;Tintinnopsis parvula","Tintinnopsis parvula"
"13","Zotu119","18S","Eukaryota;Opisthokonta;Holozoa;Metazoa (Animalia);Eumetazoa;Bilateria;Platyhelminthes;Rhabditophora;Macrostomida;Microstomum papillosum","Microstomum papillosum"
"14","Zotu12","18S","Eukaryota;Opisthokonta;Holozoa;Metazoa (Animalia);Eumetazoa;Bilateria;Arthropoda;Crustacea;Maxillopoda;Copepoda;Harpacticoida;uncultured metazoan","uncultured metazoan"
"15","Zotu120","18S","Eukaryota;Opisthokonta;Holozoa;Metazoa (Animalia);Eumetazoa;Bilateria;Mollusca;Polyplacophora;Neoloricata;Lepidochitona cinerea","Lepidochitona cinerea"
"16","Zotu121","18S","Eukaryota;Haptophyta;Prymnesiophyceae;Phaeocystis;Phaeocystis globosa","Phaeocystis globosa"
"18","Zotu123","18S","Eukaryota;SAR;Alveolata;Ciliophora;Intramacronucleata;Spirotrichea;Choreotrichia;Stenosemella;uncultured Tintinnida","uncultured Tintinnida"
"19","Zotu124","18S","Eukaryota;Opisthokonta;Holozoa;Metazoa (Animalia);Eumetazoa;Bilateria;Arthropoda;Crustacea;Malacostraca;Eumalacostraca;Eucarida;Liocarcinus depurator","Liocarcinus depurator"
"21","Zotu132","18S","Eukaryota;Opisthokonta;Holozoa;Choanoflagellida;Clade L;uncultured eukaryote","uncultured eukaryote"
"22","Zotu135","18S","Eukaryota;SAR;Alveolata;Ciliophora;Intramacronucleata;Spirotrichea;Hypotrichia;Spirotrachelostyla;uncultured eukaryote","uncultured eukaryote"
"24","Zotu137","18S","Eukaryota;Opisthokonta;Holozoa;Metazoa (Animalia);Eumetazoa;Bilateria;Arthropoda;Hexapoda;Insecta;Pterygota;Neoptera;Hymenoptera;Frieseomelitta varia","Frieseomelitta varia"
"25","Zotu138","18S","Eukaryota;SAR;Alveolata;Ciliophora;Intramacronucleata;Spirotrichea;Oligotrichia;uncultured;uncultured eukaryote","uncultured eukaryote"
"26","Zotu139","18S","Eukaryota;Cryptophyceae;Cryptomonadales;Rhodomonas;Rhodomonas abbreviata","Rhodomonas abbreviata"
"28","Zotu145","18S","Eukaryota;Opisthokonta;Nucletmycea;Fungi;Dikarya;Ascomycota;Saccharomycotina;Saccharomycetes;Saccharomycetales;Saccharomycetaceae;Saccharomyces;Saccharomyces cerevisiae W303","Saccharomyces cerevisiae W303"
"29","Zotu146","18S","Eukaryota;Picozoa;Picomonadida;Picomonas judraskeda","Picomonas judraskeda"
"30","Zotu147","18S","Eukaryota;SAR;Rhizaria;Cercozoa;Chlorarachniophyta;uncultured;uncultured eukaryote","uncultured eukaryote"
"31","Zotu148","18S","Eukaryota;SAR;Rhizaria;Cercozoa;Thecofilosea;uncultured;uncultured eukaryote","uncultured eukaryote"
"33","Zotu150","18S","Eukaryota;Opisthokonta;Nucletmycea;Fungi;Dikarya;Ascomycota;Saccharomycotina;Saccharomycetes;Saccharomycetales;Saccharomycetaceae;Saccharomyces;Saccharomyces cerevisiae W303","Saccharomyces cerevisiae W303"
"34","Zotu152","18S","Eukaryota;Opisthokonta;Holozoa;Metazoa (Animalia);Eumetazoa;Bilateria;Annelida;Polychaeta;Palpata;Phyllodocida;Prosphaerosyllis magnoculata","Prosphaerosyllis magnoculata"
"35","Zotu154","18S","Eukaryota;Opisthokonta;Holozoa;Metazoa (Animalia);Eumetazoa;Bilateria;Arthropoda;Crustacea;Maxillopoda;Copepoda;Harpacticoida;uncultured eukaryote","uncultured eukaryote"
"36","Zotu155","18S","Eukaryota;Opisthokonta;Holozoa;Metazoa (Animalia);Eumetazoa;Bilateria;Annelida;Polychaeta;Scolecida;Spionida;Pygospio elegans","Pygospio elegans"
"37","Zotu156","18S","Eukaryota;Opisthokonta;Holozoa;Metazoa (Animalia);Eumetazoa;Bilateria;Rotifera;Monogononta;Ploimida;Cephalodella forficula","Cephalodella forficula"
"38","Zotu158","18S","Eukaryota;Opisthokonta;Holozoa;Metazoa (Animalia);Eumetazoa;Bilateria;Scalidophora;Kinorhyncha;Homalorhagida;Pycnophyes kielensis","Pycnophyes kielensis"
"39","Zotu159","18S","Eukaryota;Opisthokonta;Holozoa;Metazoa (Animalia);Porifera;Demospongiae;Suberitida;Halichondria bowerbanki","Halichondria bowerbanki"
"40","Zotu16","18S","Eukaryota;Cryptophyceae;Cryptomonadales;uncultured;uncultured eukaryote","uncultured eukaryote"
"41","Zotu161","18S","Eukaryota;Haptophyta;Prymnesiophyceae;Prymnesiales;Haptolina;uncultured eukaryote","uncultured eukaryote"
"42","Zotu162","18S","Eukaryota;Cryptophyceae;Kathablepharidae;Katablepharis;uncultured eukaryote","uncultured eukaryote"
"43","Zotu163","18S","Eukaryota;Opisthokonta;Holozoa;Metazoa (Animalia);Eumetazoa;Bilateria;Mollusca;Bivalvia;Heteroconchia;Veneroida;Cerastoderma edule","Cerastoderma edule"
"44","Zotu164","18S","Eukaryota;Opisthokonta;Nucletmycea;Fungi;Dikarya;Ascomycota;Saccharomycotina;Saccharomycetes;Saccharomycetales;Saccharomycetaceae;Saccharomyces;Saccharomyces cerevisiae W303","Saccharomyces cerevisiae W303"
"45","Zotu165","18S","Eukaryota;Opisthokonta;Holozoa;Metazoa (Animalia);Eumetazoa;Bilateria;Annelida;Clitellata;Oligochaeta;Haplotaxida;Amphichaeta sannio","Amphichaeta sannio"
"46","Zotu166","18S","Eukaryota;SAR;Alveolata;Ciliophora;Intramacronucleata;Spirotrichea;Choreotrichia;uncultured;uncultured eukaryote","uncultured eukaryote"
"47","Zotu168","18S","Eukaryota;Opisthokonta;Holozoa;Metazoa (Animalia);Eumetazoa;Bilateria;Gastrotricha;Chaetonotida;Heterolepidoderma loricatum","Heterolepidoderma loricatum"
"48","Zotu169","18S","Eukaryota;SAR;Alveolata;Ciliophora;Intramacronucleata;Spirotrichea;Oligotrichia;uncultured;uncultured marine eukaryote","uncultured marine eukaryote"
"49","Zotu171","18S","Eukaryota;Opisthokonta;Holozoa;Metazoa (Animalia);Eumetazoa;Bilateria;Annelida;Clitellata;Oligochaeta;Haplotaxida;Tubificoides brownae","Tubificoides brownae"
"50","Zotu175","18S","Eukaryota;SAR;Alveolata;Ciliophora;Intramacronucleata;Spirotrichea;Choreotrichia;Pelagostrobilidium;uncultured ciliate","uncultured ciliate"
"53","Zotu18","18S","Eukaryota;Opisthokonta;Holozoa;Choanoflagellida;Acanthoecida;Stephanoecidae;Diaphanoeca;uncultured eukaryote","uncultured eukaryote"
"54","Zotu180","18S","Eukaryota;Opisthokonta;Holozoa;Metazoa (Animalia);Eumetazoa;Bilateria;Platyhelminthes;Rhabditophora;Rhabdocoela;Neodalyellida;Promesostoma meixneri","Promesostoma meixneri"
"55","Zotu181","18S","Eukaryota;SAR;Alveolata;Protalveolata;Syndiniales;Syndiniales Group I;uncultured marine picoeukaryote","uncultured marine picoeukaryote"
"56","Zotu185","18S","Eukaryota;SAR;Alveolata;Ciliophora;Intramacronucleata;Conthreep;Prostomatea;Cryptocaryon;uncultured Prostomatea","uncultured Prostomatea"
"57","Zotu186","18S","Eukaryota;Opisthokonta;Holozoa;Metazoa (Animalia);Eumetazoa;Bilateria;Mollusca;Bivalvia;Heteroconchia;Myoida;Mya truncata","Mya truncata"
"59","Zotu189","18S","Eukaryota;Opisthokonta;Holozoa;Metazoa (Animalia);Eumetazoa;Bilateria;Mollusca;Gastropoda;Caenogastropoda;Peringia ulvae","Peringia ulvae"
"60","Zotu196","18S","Eukaryota;SAR;Alveolata;Ciliophora;Intramacronucleata;Conthreep;Oligohymenophorea;uncultured;uncultured eukaryote","uncultured eukaryote"
"61","Zotu197","18S","Eukaryota;Opisthokonta;Holozoa;Metazoa (Animalia);Eumetazoa;Cnidaria;Hydrozoa;Hydroidolina;Anthoathecata;Protohydra leuckarti","Protohydra leuckarti"
"62","Zotu198","18S","Eukaryota;Opisthokonta;Holozoa;Metazoa (Animalia);Eumetazoa;Bilateria;Arthropoda;Crustacea;Maxillopoda;Copepoda;Harpacticoida;Itunella muelleri","Itunella muelleri"
"63","Zotu2","18S","Eukaryota;Opisthokonta;Holozoa;Metazoa (Animalia);Eumetazoa;Bilateria;Chordata;Tunicata;Ascidiacea;Stolidobranchia;Botryllus schlosseri","Botryllus schlosseri"
"64","Zotu20","18S","Eukaryota;SAR;Alveolata;Protalveolata;Syndiniales;Syndiniales Group I;uncultured eukaryote","uncultured eukaryote"
"65","Zotu200","18S","Eukaryota;SAR;Rhizaria;Cercozoa;Chlorarachniophyta;Minorisa;uncultured eukaryote","uncultured eukaryote"
"66","Zotu202","18S","Eukaryota;Opisthokonta;Holozoa;Metazoa (Animalia);Eumetazoa;Bilateria;Chordata;Tunicata;Appendicularia;Copelata;Oikopleuridae;Oikopleura dioica","Oikopleura dioica"
"67","Zotu203","18S","Eukaryota;SAR;Alveolata;Ciliophora;Intramacronucleata;Conthreep;Phyllopharyngea;Suctoria;Acineta;uncultured marine picoeukaryote","uncultured marine picoeukaryote"
"68","Zotu204","18S","Eukaryota;Haptophyta;Prymnesiophyceae;Prymnesiales;Chrysochromulina;uncultured eukaryote","uncultured eukaryote"
"70","Zotu209","18S","Eukaryota;SAR;Alveolata;Protalveolata;Perkinsidae;A31;uncultured alveolate","uncultured alveolate"
"71","Zotu21","18S","Eukaryota;Opisthokonta;Holozoa;Metazoa (Animalia);Eumetazoa;Bilateria;Annelida;Polychaeta;Scolecida;Spionida;Streblospio benedicti","Streblospio benedicti"
"73","Zotu213","18S","Eukaryota;Opisthokonta;Holozoa;Metazoa (Animalia);Eumetazoa;Bilateria;Nematoda;Chromadorea;Desmodorida;Nematoda environmental sample","Nematoda environmental sample"
"74","Zotu217","18S","Eukaryota;Opisthokonta;Holozoa;Metazoa (Animalia);Eumetazoa;Bilateria;Chordata;Tunicata;Ascidiacea;Stolidobranchia;Styela clava","Styela clava"
"75","Zotu218","18S","Eukaryota;SAR;Alveolata;Ciliophora;Intramacronucleata;Spirotrichea;Oligotrichia;Strombidium;uncultured eukaryote","uncultured eukaryote"
"76","Zotu219","18S","Eukaryota;Cryptophyceae;Cryptomonadales;Teleaulax;uncultured eukaryote","uncultured eukaryote"
"77","Zotu22","18S","Eukaryota;SAR;Alveolata;Protalveolata;Syndiniales;Syndiniales Group I;uncultured alveolate","uncultured alveolate"
"78","Zotu221","18S","Eukaryota;Cryptophyceae;Kathablepharidae;Katablepharis;Katablepharis japonica","Katablepharis japonica"
"79","Zotu223","18S","Eukaryota;Opisthokonta;Holozoa;Metazoa (Animalia);Eumetazoa;Bilateria;Arthropoda;Hexapoda;Insecta;Pterygota;Neoptera;Hymenoptera;Frieseomelitta varia","Frieseomelitta varia"
"80","Zotu227","18S","Eukaryota;Opisthokonta;Holozoa;Metazoa (Animalia);Eumetazoa;Bilateria;Nematoda;Chromadorea;Monhysterida;Daptonema setosum","Daptonema setosum"
"81","Zotu228","18S","Eukaryota;Opisthokonta;Holozoa;Metazoa (Animalia);Eumetazoa;Bilateria;Platyhelminthes;Rhabditophora;Rhabdocoela;Kalyptorhynchia;Uncinorhynchus flavidus","Uncinorhynchus flavidus"
"82","Zotu229","18S","Eukaryota;Opisthokonta;Holozoa;Metazoa (Animalia);Eumetazoa;Bilateria;Nematoda;Chromadorea;Desmodorida;Spirinia parasitifera","Spirinia parasitifera"
"83","Zotu23","18S","Eukaryota;Opisthokonta;Holozoa;Metazoa (Animalia);Eumetazoa;Bilateria;Nematoda;Chromadorea;Monhysterida;Sabatieria pulchra","Sabatieria pulchra"
"84","Zotu230","18S","Eukaryota;Opisthokonta;Holozoa;Metazoa (Animalia);Eumetazoa;Bilateria;Nematoda;Chromadorea;Monhysterida;Zygonemella striata","Zygonemella striata"
"85","Zotu231","18S","Eukaryota;Opisthokonta;Holozoa;Metazoa (Animalia);Eumetazoa;Bilateria;Arthropoda;Crustacea;Ostracoda;Podocopa;Podocopida;Loxocorniculum mutsuense","Loxocorniculum mutsuense"
"86","Zotu232","18S","Eukaryota;Opisthokonta;Holozoa;Metazoa (Animalia);Eumetazoa;Bilateria;Annelida;Polychaeta;Palpata;Sabellida;Sabella pavonina","Sabella pavonina"
"87","Zotu234","18S","Eukaryota;SAR;Rhizaria;Cercozoa;Thecofilosea;Cryomonadida;Protaspidae;Protaspis;Uncultured Cercozoa","Uncultured Cercozoa"
"90","Zotu237","18S","Eukaryota;SAR;Alveolata;Ciliophora;Intramacronucleata;Conthreep;Prostomatea;Cryptocaryon;uncultured eukaryote","uncultured eukaryote"
"91","Zotu238","18S","Eukaryota;Opisthokonta;Holozoa;Metazoa (Animalia);Eumetazoa;Bilateria;Mollusca;Bivalvia;Heteroconchia;Veneroida;Abra alba","Abra alba"
"93","Zotu240","18S","Eukaryota;SAR;Alveolata;Ciliophora;Intramacronucleata;Spirotrichea;Hypotrichia;Amphisiella;uncultured ciliate","uncultured ciliate"
"94","Zotu242","18S","Eukaryota;Opisthokonta;Holozoa;Metazoa (Animalia);Eumetazoa;Bilateria;Arthropoda;Crustacea;Maxillopoda;Copepoda;Harpacticoida;uncultured eukaryote","uncultured eukaryote"
"95","Zotu243","18S","Eukaryota;Cryptophyceae;Cryptomonadales;Teleaulax;uncultured eukaryote","uncultured eukaryote"
"96","Zotu245","18S","Eukaryota;SAR;Alveolata;Dinoflagellata;Dinophyceae;uncultured;uncultured eukaryote","uncultured eukaryote"
"97","Zotu247","18S","Eukaryota;SAR;Alveolata;Ciliophora;Intramacronucleata;Spirotrichea;Oligotrichia;Spirostrombidium;uncultured eukaryote","uncultured eukaryote"
"98","Zotu25","18S","Eukaryota;Opisthokonta;Holozoa;Metazoa (Animalia);Eumetazoa;Bilateria;Chordata;Tunicata;Ascidiacea;Enterogona;Phallusia mammillata","Phallusia mammillata"
"99","Zotu250","18S","Eukaryota;Opisthokonta;Holozoa;Metazoa (Animalia);Eumetazoa;Bilateria;Nematoda;Chromadorea;Chromadorida;Chromadorina germanica","Chromadorina germanica"
"100","Zotu253","18S","Eukaryota;Opisthokonta;Holozoa;Metazoa (Animalia);Eumetazoa;Bilateria;Platyhelminthes;Rhabditophora;Rhabdocoela;Kalyptorhynchia;Xenocicerina gracilis","Xenocicerina gracilis"
"101","Zotu26","18S","Eukaryota;Opisthokonta;Holozoa;Metazoa (Animalia);Eumetazoa;Bilateria;Arthropoda;Crustacea;Maxillopoda;Copepoda;Calanoida;Pseudocalanus elongatus","Pseudocalanus elongatus"
"102","Zotu260","18S","Eukaryota;Opisthokonta;Holozoa;Metazoa (Animalia);Eumetazoa;Bilateria;Chordata;Tunicata;Ascidiacea;Stolidobranchia;Polycarpa pomaria","Polycarpa pomaria"
"103","Zotu264","18S","Eukaryota;SAR;Alveolata;Ciliophora;Intramacronucleata;Spirotrichea;Oligotrichia;Strombidium;uncultured eukaryote","uncultured eukaryote"
"104","Zotu266","18S","Eukaryota;Opisthokonta;Holozoa;Metazoa (Animalia);Eumetazoa;Bilateria;Nematoda;Chromadorea;Chromadorida;Chromadorita tentabundum","Chromadorita tentabundum"
"105","Zotu267","18S","Eukaryota;SAR;Alveolata;Ciliophora;Intramacronucleata;Conthreep;Prostomatea;Cryptocaryon;uncultured marine eukaryote","uncultured marine eukaryote"
"106","Zotu268","18S","Eukaryota;SAR;Alveolata;Ciliophora;Intramacronucleata;Spirotrichea;Oligotrichia;Strombidium;Strombidium capitatum","Strombidium capitatum"
"107","Zotu269","18S","Eukaryota;Opisthokonta;Holozoa;Metazoa (Animalia);Eumetazoa;Bilateria;Nematoda;Chromadorea;Monhysterida;Sabatieria pulchra","Sabatieria pulchra"
"108","Zotu27","18S","Eukaryota;Opisthokonta;Holozoa;Metazoa (Animalia);Eumetazoa;Bilateria;Echinodermata;Crinoidea;Antedon petasus","Antedon petasus"
"109","Zotu270","18S","Eukaryota;SAR;Alveolata;Protalveolata;Syndiniales;Amoebophrya;uncultured dinoflagellate","uncultured dinoflagellate"
"110","Zotu271","18S","Eukaryota;Opisthokonta;Nucletmycea;Fungi;Dikarya;Basidiomycota;Agaricomycotina;Agaricomycetes;Polyporales;Coriolaceae;Coriolopsis;Coriolopsis gallica","Coriolopsis gallica"
"112","Zotu278","18S","Eukaryota;Opisthokonta;Holozoa;Metazoa (Animalia);Eumetazoa;Bilateria;Mollusca;Bivalvia;Heteroconchia;Veneroida;Ruditapes variegatus","Ruditapes variegatus"
"113","Zotu280","18S","Eukaryota;Opisthokonta;Holozoa;Metazoa (Animalia);Eumetazoa;Bilateria;Arthropoda;Crustacea;Ostracoda;Podocopa;Podocopida;Leptocythere lacertosa","Leptocythere lacertosa"
"115","Zotu282","18S","Eukaryota;SAR;Alveolata;Apicomplexa;Novel Apicomplexa Class 1;uncultured eukaryote","uncultured eukaryote"
"118","Zotu286","18S","Eukaryota;SAR;Alveolata;Ciliophora;Intramacronucleata;Spirotrichea;Choreotrichia;uncultured;uncultured marine ciliate","uncultured marine ciliate"
"119","Zotu287","18S","Eukaryota;Opisthokonta;Holozoa;Metazoa (Animalia);Eumetazoa;Bilateria;Chordata;Tunicata;Ascidiacea;Stolidobranchia;Botryllus schlosseri","Botryllus schlosseri"
"120","Zotu290","18S","Eukaryota;SAR;Stramenopiles;Ochrophyta;Diatomea;Bacillariophytina;Mediophyceae;Chaetoceros;uncultured eukaryote","uncultured eukaryote"
"121","Zotu291","18S","Eukaryota;SAR;Alveolata;Ciliophora;Intramacronucleata;Spirotrichea;Choreotrichia;Parastrombidinopsis;uncultured eukaryote","uncultured eukaryote"
"122","Zotu292","18S","Eukaryota;Opisthokonta;Nucletmycea;Fungi;Dikarya;Basidiomycota;Agaricomycotina;Agaricomycetes;Polyporales;Coriolaceae;Coriolopsis;Coriolopsis gallica","Coriolopsis gallica"
"123","Zotu293","18S","Eukaryota;SAR;Alveolata;Dinoflagellata;Dinophyceae;Gymnodiniphycidae;Suessiaceae;Biecheleria;uncultured alveolate","uncultured alveolate"
"124","Zotu295","18S","Eukaryota;SAR;Alveolata;Ciliophora;Intramacronucleata;Conthreep;Prostomatea;Cryptocaryon;uncultured eukaryote","uncultured eukaryote"
"126","Zotu298","18S","Eukaryota;Archaeplastida;Chloroplastida;Chlorophyta;Ulvophyceae;Cladophorales;Cladophora;Cladophora gracilis","Cladophora gracilis"
"127","Zotu299","18S","Eukaryota;Incertae Sedis;Telonema;uncultured eukaryote","uncultured eukaryote"
"128","Zotu3","18S","Eukaryota;SAR;Alveolata;Ciliophora;Intramacronucleata;Spirotrichea;Oligotrichia;Strombidium;uncultured marine eukaryote","uncultured marine eukaryote"
"129","Zotu30","18S","Eukaryota;SAR;Rhizaria;Cercozoa;Vampyrellidae;uncultured;uncultured plasmodiophorid","uncultured plasmodiophorid"
"131","Zotu301","18S","Eukaryota;Opisthokonta;Holozoa;Metazoa (Animalia);Eumetazoa;Bilateria;Nematoda;Chromadorea;Monhysterida;Terschellingia longicaudata","Terschellingia longicaudata"
"132","Zotu302","18S","Eukaryota;Archaeplastida;Rhodophyceae;Florideophycidae;Rhodymeniophycidae;Polysiphonia;Polysiphonia polyspora","Polysiphonia polyspora"
"133","Zotu303","18S","Eukaryota;SAR;Alveolata;Ciliophora;Intramacronucleata;Spirotrichea;Choreotrichia;Parastrombidinopsis;uncultured eukaryote","uncultured eukaryote"
"134","Zotu304","18S","Eukaryota;Opisthokonta;Holozoa;Metazoa (Animalia);Eumetazoa;Bilateria;Platyhelminthes;Rhabditophora;Rhabdocoela;Kalyptorhynchia;Zonorhynchus tvaerminnensis","Zonorhynchus tvaerminnensis"
"135","Zotu305","18S","Eukaryota;Opisthokonta;Holozoa;Metazoa (Animalia);Eumetazoa;Bilateria;Annelida;Polychaeta;Scolecida;Spionida;uncultured eukaryote","uncultured eukaryote"
"136","Zotu306","18S","Eukaryota;Opisthokonta;Nucletmycea;Fungi;Dikarya;Basidiomycota;Agaricomycotina;Agaricomycetes;Polyporales;Coriolaceae;Coriolopsis;Coriolopsis gallica","Coriolopsis gallica"
"139","Zotu311","18S","Eukaryota;SAR;Alveolata;Ciliophora;Intramacronucleata;Spirotrichea;Choreotrichia;Tintinnopsis;uncultured ciliate","uncultured ciliate"
"140","Zotu312","18S","Eukaryota;Opisthokonta;Holozoa;Metazoa (Animalia);Eumetazoa;Bilateria;Arthropoda;Crustacea;Maxillopoda;Copepoda;Cyclopoida;Sabelliphilus elongatus","Sabelliphilus elongatus"
"141","Zotu313","18S","Eukaryota;Cryptophyceae;Kathablepharidae;Leucocryptos;uncultured eukaryote","uncultured eukaryote"
"142","Zotu315","18S","Eukaryota;Opisthokonta;Holozoa;Metazoa (Animalia);Eumetazoa;Bilateria;Arthropoda;Crustacea;Maxillopoda;Copepoda;Cyclopoida;uncultured eukaryote","uncultured eukaryote"
"143","Zotu318","18S","Eukaryota;Opisthokonta;Holozoa;Metazoa (Animalia);Eumetazoa;Bilateria;Annelida;Polychaeta;Scolecida;Spionida;Polydora onagawaensis","Polydora onagawaensis"
"144","Zotu32","18S","Eukaryota;Cryptophyceae;Cryptomonadales;uncultured;uncultured eukaryote","uncultured eukaryote"
"145","Zotu320","18S","Eukaryota;Opisthokonta;Nucletmycea;Fungi;Dikarya;Ascomycota;Saccharomycotina;Saccharomycetes;Saccharomycetales;Saccharomycetaceae;Saccharomyces;Saccharomyces cerevisiae W303","Saccharomyces cerevisiae W303"
"146","Zotu322","18S","Eukaryota;SAR;Alveolata;Dinoflagellata;Dinophyceae;Gymnodiniphycidae;uncultured;uncultured eukaryote","uncultured eukaryote"
"147","Zotu325","18S","Eukaryota;Cryptophyceae;Cryptomonadales;uncultured marine Geminigeraceae","uncultured marine Geminigeraceae"
"149","Zotu328","18S","Eukaryota;SAR;Alveolata;Dinoflagellata;Dinophyceae;Dinophysiales;Sinophysis;uncultured marine eukaryote","uncultured marine eukaryote"
"150","Zotu33","18S","Eukaryota;Archaeplastida;Chloroplastida;Chlorophyta;Prasinophytae;uncultured eukaryote","uncultured eukaryote"
"151","Zotu331","18S","Eukaryota;Opisthokonta;Holozoa;Metazoa (Animalia);Eumetazoa;Bilateria;Nemertea;Anopla;Palaeonemertea;Cephalothrix rufifrons","Cephalothrix rufifrons"
"152","Zotu333","18S","Eukaryota;SAR;Alveolata;Ciliophora;Intramacronucleata;Conthreep;Prostomatea;Cryptocaryon;uncultured marine eukaryote","uncultured marine eukaryote"
"153","Zotu335","18S","Eukaryota;Opisthokonta;Nucletmycea;Fungi;Dikarya;Ascomycota;Saccharomycotina;Saccharomycetes;Saccharomycetales;Saccharomycetaceae;Saccharomyces;Saccharomyces cerevisiae W303","Saccharomyces cerevisiae W303"
"154","Zotu336","18S","Eukaryota;SAR;Alveolata;Ciliophora;Intramacronucleata;Spirotrichea;Choreotrichia;Tintinnopsis;Tintinnopsis parvula","Tintinnopsis parvula"
"155","Zotu339","18S","Eukaryota;Opisthokonta;Holozoa;Metazoa (Animalia);Eumetazoa;Ctenophora;Tentaculata;Cydippida;Pleurobrachia pileus","Pleurobrachia pileus"
"159","Zotu346","18S","Eukaryota;Opisthokonta;Holozoa;Choanoflagellida;Clade L;uncultured eukaryote","uncultured eukaryote"
"160","Zotu347","18S","Eukaryota;Opisthokonta;Holozoa;Metazoa (Animalia);Eumetazoa;Bilateria;Nematoda;Chromadorea;Chromadorida;Chromadorita leuckarti","Chromadorita leuckarti"
"161","Zotu35","18S","Eukaryota;Opisthokonta;Holozoa;Metazoa (Animalia);Eumetazoa;Bilateria;Arthropoda;Crustacea;Maxillopoda;Copepoda;Calanoida;Acartia bifilosa","Acartia bifilosa"
"162","Zotu351","18S","Eukaryota;SAR;Alveolata;Ciliophora;Intramacronucleata;Conthreep;Phyllopharyngea;Suctoria;Acineta;uncultured ciliate","uncultured ciliate"
"163","Zotu3539","18S","Eukaryota;SAR;Alveolata;Ciliophora;Intramacronucleata;Conthreep;Oligohymenophorea;Scuticociliatia;Miamiensis;Miamiensis avidus","Miamiensis avidus"
"164","Zotu354","18S","Eukaryota;SAR;Alveolata;Ciliophora;Intramacronucleata;Spirotrichea;Choreotrichia;uncultured;uncultured marine eukaryote","uncultured marine eukaryote"
"165","Zotu3550","18S","Eukaryota;Opisthokonta;Nucletmycea;Fungi;Dikarya;Ascomycota;Saccharomycotina;Saccharomycetes;Saccharomycetales;Saccharomycetaceae;Saccharomyces;Saccharomyces cerevisiae W303","Saccharomyces cerevisiae W303"
"166","Zotu358","18S","Eukaryota;SAR;Alveolata;Ciliophora;Intramacronucleata;Conthreep;Prostomatea;Cryptocaryon;metagenome","metagenome"
"167","Zotu3583","18S","Eukaryota;SAR;Alveolata;Ciliophora;Intramacronucleata;Spirotrichea;Choreotrichia;Strombidinopsis;uncultured marine eukaryote","uncultured marine eukaryote"
"168","Zotu3586","18S","Eukaryota;Opisthokonta;Nucletmycea;Fungi;Dikarya;Ascomycota;Saccharomycotina;Saccharomycetes;Saccharomycetales;Saccharomycetaceae;Saccharomyces;Saccharomyces cerevisiae W303","Saccharomyces cerevisiae W303"
"169","Zotu359","18S","Eukaryota;Opisthokonta;Holozoa;Metazoa (Animalia);Eumetazoa;Bilateria;Platyhelminthes;Rhabditophora;Rhabdocoela;Kalyptorhynchia;Placorhynchus octaculeatus","Placorhynchus octaculeatus"
"170","Zotu3591","18S","Eukaryota;SAR;Alveolata;Ciliophora;Intramacronucleata;Conthreep;Phyllopharyngea;Suctoria;Paracineta;Paracineta limbata","Paracineta limbata"
"171","Zotu3595","18S","Eukaryota;Opisthokonta;Nucletmycea;Fungi;Cryptomycota;LKM11;uncultured eukaryote","uncultured eukaryote"
"172","Zotu3597","18S","Eukaryota;Opisthokonta;Nucletmycea;Fungi;Dikarya;Ascomycota;Saccharomycotina;Saccharomycetes;Saccharomycetales;Saccharomycetaceae;Saccharomyces;Saccharomyces cerevisiae W303","Saccharomyces cerevisiae W303"
"173","Zotu3598","18S","Eukaryota;Opisthokonta;Nucletmycea;Fungi;Chytridiomycota;Incertae Sedis;Chytridiomycetes;Spizellomycetales;Olpidiaceae;Olpidium;uncultured Glomus","uncultured Glomus"
"174","Zotu36","18S","Eukaryota;Opisthokonta;Holozoa;Metazoa (Animalia);Eumetazoa;Bilateria;Chordata;Tunicata;Ascidiacea;Stolidobranchia;Botryllus schlosseri","Botryllus schlosseri"
"175","Zotu360","18S","Eukaryota;SAR;Rhizaria;Cercozoa;Imbricatea;Novel Clade 3;Uncultured Cercozoa","Uncultured Cercozoa"
"176","Zotu3600","18S","Eukaryota;Opisthokonta;Nucletmycea;Fungi;Dikarya;Ascomycota;Saccharomycotina;Saccharomycetes;Saccharomycetales;Saccharomycetaceae;Saccharomyces;Saccharomyces cerevisiae W303","Saccharomyces cerevisiae W303"
"177","Zotu3605","18S","Eukaryota;Cryptophyceae;Goniomonas;uncultured eukaryote","uncultured eukaryote"
"178","Zotu361","18S","Eukaryota;SAR;Alveolata;Protalveolata;Syndiniales;Amoebophrya;uncultured eukaryote","uncultured eukaryote"
"179","Zotu3611","18S","Eukaryota;Opisthokonta;Nucletmycea;Fungi;Dikarya;Ascomycota;Saccharomycotina;Saccharomycetes;Saccharomycetales;Saccharomycetaceae;Saccharomyces;Saccharomyces cerevisiae W303","Saccharomyces cerevisiae W303"
"180","Zotu3615","18S","Eukaryota;SAR;Alveolata;Ciliophora;Intramacronucleata;Conthreep;Prostomatea;Cryptocaryon;uncultured ciliate","uncultured ciliate"
"181","Zotu3616","18S","Eukaryota;SAR;Alveolata;Ciliophora;Intramacronucleata;Spirotrichea;Choreotrichia;Salpingella;uncultured marine ciliate","uncultured marine ciliate"
"182","Zotu3617","18S","Eukaryota;SAR;Rhizaria;Cercozoa;Imbricatea;Silicofilosea;Euglyphida;Paulinellidae;Paulinella;uncultured eukaryote","uncultured eukaryote"
"183","Zotu3618","18S","Eukaryota;Opisthokonta;Holozoa;Ichthyosporea;Ichthyophonae;Abeoformidae;Pirum;uncultured eukaryote","uncultured eukaryote"
"184","Zotu362","18S","Eukaryota;Cryptophyceae;Cryptomonadales;Hemiselmis;uncultured eukaryote","uncultured eukaryote"
"185","Zotu3620","18S","Eukaryota;SAR;Rhizaria;Cercozoa;Thecofilosea;uncultured;uncultured eukaryote","uncultured eukaryote"
"187","Zotu3625","18S","Eukaryota;Opisthokonta;Nucletmycea;Fungi;Chytridiomycota;Incertae Sedis;Chytridiomycetes;Rhizophydiales;uncultured;uncultured eukaryote","uncultured eukaryote"
"188","Zotu363","18S","Eukaryota;Opisthokonta;Nucletmycea;Fungi;Dikarya;Basidiomycota;Agaricomycotina;Agaricomycetes;Polyporales;Coriolaceae;Coriolopsis;Coriolopsis gallica","Coriolopsis gallica"
"189","Zotu3630","18S","Eukaryota;Opisthokonta;Nucletmycea;Fungi;Cryptomycota;Incertae Sedis;Incertae Sedis;Incertae Sedis;Incertae Sedis;Paramicrosporidium;uncultured marine picoeukaryote","uncultured marine picoeukaryote"
"190","Zotu3639","18S","Eukaryota;SAR;Rhizaria;Cercozoa;uncultured;uncultured eukaryote","uncultured eukaryote"
"192","Zotu3643","18S","Eukaryota;Opisthokonta;Nucletmycea;Fungi;Dikarya;Ascomycota;Saccharomycotina;Saccharomycetes;Saccharomycetales;Saccharomycetaceae;Saccharomyces;Saccharomyces cerevisiae W303","Saccharomyces cerevisiae W303"
"193","Zotu3644","18S","Eukaryota;Opisthokonta;Nucletmycea;Fungi;Dikarya;Basidiomycota;Agaricomycotina;Agaricomycetes;Polyporales;Coriolaceae;Coriolopsis;Coriolopsis gallica","Coriolopsis gallica"
"194","Zotu3648","18S","Eukaryota;SAR;Rhizaria;Cercozoa;Novel Clade Gran-1;Uncultured Cercozoa","Uncultured Cercozoa"
"195","Zotu365","18S","Eukaryota;Incertae Sedis;Telonema;uncultured eukaryote","uncultured eukaryote"
"196","Zotu3652","18S","Eukaryota;SAR;Stramenopiles;MAST-12;MAST-12A;uncultured eukaryote","uncultured eukaryote"
"197","Zotu3655","18S","Eukaryota;Opisthokonta;Holozoa;Ichthyosporea;Ichthyophonae;Abeoformidae;Pirum;uncultured eukaryote","uncultured eukaryote"
"198","Zotu367","18S","Eukaryota;Opisthokonta;Holozoa;Metazoa (Animalia);Eumetazoa;Bilateria;Annelida;Polychaeta;Scolecida;Terebellida;Melinna albicincta","Melinna albicincta"
"199","Zotu3681","18S","Eukaryota;Opisthokonta;Holozoa;Metazoa (Animalia);Eumetazoa;Bilateria;Arthropoda;Crustacea;Maxillopoda;Copepoda;Harpacticoida;uncultured eukaryote","uncultured eukaryote"
"201","Zotu371","18S","Eukaryota;SAR;Alveolata;Dinoflagellata;Dinophyceae;Peridiniphycidae;Peridiniales;Heterocapsa;uncultured alveolate","uncultured alveolate"
"202","Zotu373","18S","Eukaryota;SAR;Rhizaria;Cercozoa;Novel Clade 2;uncultured eukaryote","uncultured eukaryote"
"203","Zotu3736","18S","Eukaryota;SAR;Alveolata;Protalveolata;Syndiniales;Syndiniales Group II;uncultured eukaryote","uncultured eukaryote"
"204","Zotu374","18S","Eukaryota;Opisthokonta;Nucletmycea;Fungi;Dikarya;Ascomycota;Saccharomycotina;Saccharomycetes;Saccharomycetales;Saccharomycetaceae;Saccharomyces;Saccharomyces cerevisiae W303","Saccharomyces cerevisiae W303"
"205","Zotu3740","18S","Eukaryota;SAR;Alveolata;Protalveolata;Syndiniales;Amoebophrya;uncultured marine eukaryote","uncultured marine eukaryote"
"207","Zotu3774","18S","Eukaryota;Opisthokonta;Nucletmycea;Fungi;Dikarya;Basidiomycota;Agaricomycotina;Agaricomycetes;Polyporales;Coriolaceae;Coriolopsis;Coriolopsis gallica","Coriolopsis gallica"
"208","Zotu378","18S","Eukaryota;Cryptophyceae;Cryptomonadales;uncultured marine eukaryote","uncultured marine eukaryote"
"209","Zotu3783","18S","Eukaryota;Opisthokonta;Holozoa;Metazoa (Animalia);Eumetazoa;Bilateria;Nematoda;Chromadorea;Diplogasterida;uncultured eukaryote","uncultured eukaryote"
"210","Zotu3796","18S","Eukaryota;Opisthokonta;Nucletmycea;Fungi;Dikarya;Basidiomycota;Agaricomycotina;Agaricomycetes;Polyporales;Coriolaceae;Coriolopsis;Coriolopsis gallica","Coriolopsis gallica"
"212","Zotu3801","18S","Eukaryota;Archaeplastida;Chloroplastida;Chlorophyta;Prasinophytae;Pyramimonadales;Pterosperma;Pterosperma cristatum","Pterosperma cristatum"
"213","Zotu3803","18S","Eukaryota;Incertae Sedis;Telonema;uncultured Telonemida","uncultured Telonemida"
"214","Zotu3804","18S","Eukaryota;SAR;Stramenopiles;Labyrinthulomycetes;Thraustochytriaceae;uncultured;uncultured labyrinthulid","uncultured labyrinthulid"
"216","Zotu381","18S","Eukaryota;SAR;Alveolata;Ciliophora;Intramacronucleata;Spirotrichea;Hypotrichia;uncultured;uncultured ciliate","uncultured ciliate"
"217","Zotu3810","18S","Eukaryota;SAR;Alveolata;Ciliophora;Intramacronucleata;Spirotrichea;Hypotrichia;Anteholosticha;Anteholosticha pulchra","Anteholosticha pulchra"
"218","Zotu382","18S","Eukaryota;Picozoa;Picomonadida;Picomonadidae;Picomonas;uncultured eukaryote","uncultured eukaryote"
"219","Zotu3826","18S","Eukaryota;SAR;Alveolata;Protalveolata;Syndiniales;Amoebophrya;uncultured eukaryote","uncultured eukaryote"
"220","Zotu383","18S","Eukaryota;SAR;Alveolata;Ciliophora;Intramacronucleata;Conthreep;Prostomatea;Cryptocaryon;uncultured eukaryote","uncultured eukaryote"
"221","Zotu3836","18S","Eukaryota;SAR;Rhizaria;Cercozoa;Phytomyxea;uncultured;uncultured Phytomyxea","uncultured Phytomyxea"
"222","Zotu3840","18S","Eukaryota;Opisthokonta;Nucletmycea;Fungi;Dikarya;Ascomycota;Pezizomycotina;Sordariomycetes;Ophiostomatales;Ophiostomataceae;Ophiostoma;Ambrosiella ips","Ambrosiella ips"
"223","Zotu3844","18S","Eukaryota;Opisthokonta;Nucletmycea;Fungi;Chytridiomycota;Incertae Sedis;Chytridiomycetes;Spizellomycetales;Spizellomycetaceae;Spizellomyces;uncultured eukaryote","uncultured eukaryote"
"224","Zotu3845","18S","Eukaryota;SAR;Rhizaria;Cercozoa;Imbricatea;Marimonadida;Pseudopirsonia;Pseudopirsonia mucosa","Pseudopirsonia mucosa"
"225","Zotu3849","18S","Eukaryota;Opisthokonta;Holozoa;Choanoflagellida;Acanthoecida;Acanthoecidae;FV23-1A4;uncultured eukaryote","uncultured eukaryote"
"226","Zotu385","18S","Eukaryota;SAR;Alveolata;Ciliophora;Intramacronucleata;Conthreep;Prostomatea;Cryptocaryon;uncultured eukaryote","uncultured eukaryote"
"227","Zotu3851","18S","Eukaryota;Opisthokonta;Nucletmycea;Fungi;Dikarya;Basidiomycota;Agaricomycotina;Agaricomycetes;Polyporales;Coriolaceae;Coriolopsis;Coriolopsis gallica","Coriolopsis gallica"
"229","Zotu389","18S","Eukaryota;Opisthokonta;Nucletmycea;Fungi;Dikarya;Ascomycota;Saccharomycotina;Saccharomycetes;Saccharomycetales;Saccharomycetaceae;Saccharomyces;Saccharomyces cerevisiae W303","Saccharomyces cerevisiae W303"
"230","Zotu39","18S","Eukaryota;Opisthokonta;Holozoa;Metazoa (Animalia);Eumetazoa;Bilateria;Arthropoda;Crustacea;Maxillopoda;Copepoda;Calanoida;Temora turbinata","Temora turbinata"
"231","Zotu393","18S","Eukaryota;SAR;Alveolata;Ciliophora;Intramacronucleata;Conthreep;Prostomatea;Cryptocaryon;uncultured eukaryote","uncultured eukaryote"
"232","Zotu395","18S","Eukaryota;Opisthokonta;Holozoa;Metazoa (Animalia);Eumetazoa;Bilateria;Nematoda;Chromadorea;Monhysterida;Sphaerolaimus hirsutus","Sphaerolaimus hirsutus"
"234","Zotu398","18S","Eukaryota;SAR;Alveolata;Ciliophora;Intramacronucleata;Conthreep;Oligohymenophorea;Scuticociliatia;Parauronema;uncultured eukaryote","uncultured eukaryote"
"235","Zotu4","18S","Eukaryota;Opisthokonta;Holozoa;Metazoa (Animalia);Eumetazoa;Bilateria;Arthropoda;Crustacea;Maxillopoda;Copepoda;Calanoida;uncultured eukaryote","uncultured eukaryote"
"236","Zotu40","18S","Eukaryota;SAR;Rhizaria;Cercozoa;Thecofilosea;Cryomonadida;Protaspidae;Cryothecomonas;Uncultured Cercozoa","Uncultured Cercozoa"
"237","Zotu401","18S","Eukaryota;SAR;Alveolata;Protalveolata;Syndiniales;Amoebophrya;uncultured marine eukaryote","uncultured marine eukaryote"
"239","Zotu407","18S","Eukaryota;Opisthokonta;Holozoa;Metazoa (Animalia);Eumetazoa;Bilateria;Arthropoda;Crustacea;Maxillopoda;Copepoda;Calanoida;Acartia tonsa","Acartia tonsa"
"240","Zotu408","18S","Eukaryota;Opisthokonta;Holozoa;Filasterea;Ministeriida;Capsasporidae;Marine Group;uncultured eukaryote","uncultured eukaryote"
"241","Zotu409","18S","Eukaryota;Opisthokonta;Holozoa;Metazoa (Animalia);Eumetazoa;Bilateria;Platyhelminthes;Rhabditophora;Prolecithophora;Protomonotresis centrophora","Protomonotresis centrophora"
"242","Zotu41","18S","Eukaryota;SAR;Alveolata;Ciliophora;Intramacronucleata;Spirotrichea;Oligotrichia;Strombidium;Strombidium conicum","Strombidium conicum"
"243","Zotu414","18S","Eukaryota;SAR;Alveolata;Ciliophora;Intramacronucleata;Conthreep;Oligohymenophorea;Scuticociliatia;Cardiostomatella;Cardiostomatella vermiformis","Cardiostomatella vermiformis"
"245","Zotu417","18S","Eukaryota;Opisthokonta;Holozoa;Metazoa (Animalia);Eumetazoa;Bilateria;Chordata;Tunicata;Ascidiacea;Stolidobranchia;Molgula provisionalis","Molgula provisionalis"
"247","Zotu42","18S","Eukaryota;Opisthokonta;Holozoa;Metazoa (Animalia);Eumetazoa;Bilateria;Chordata;Tunicata;Ascidiacea;Enterogona;Ciona intestinalis","Ciona intestinalis"
"248","Zotu423","18S","Eukaryota;Opisthokonta;Holozoa;Metazoa (Animalia);Eumetazoa;Bilateria;Platyhelminthes;Rhabditophora;Rhabdocoela;Kalyptorhynchia;Zonorhynchus seminascatus","Zonorhynchus seminascatus"
"249","Zotu424","18S","Eukaryota;Opisthokonta;Holozoa;Ichthyosporea;Ichthyophonae;Abeoformidae;Pirum;uncultured eukaryote","uncultured eukaryote"
"251","Zotu428","18S","Eukaryota;Opisthokonta;Holozoa;Metazoa (Animalia);Eumetazoa;Bilateria;Nematoda;Chromadorea;Desmodorida;uncultured eukaryote","uncultured eukaryote"
"252","Zotu43","18S","Eukaryota;Opisthokonta;Holozoa;Metazoa (Animalia);Eumetazoa;Bilateria;Arthropoda;Crustacea;Maxillopoda;Copepoda;Calanoida;Eurytemora affinis","Eurytemora affinis"
"253","Zotu430","18S","Eukaryota;SAR;Alveolata;Protalveolata;Syndiniales;Syndiniales Group I;uncultured eukaryote","uncultured eukaryote"
"254","Zotu431","18S","Eukaryota;SAR;Alveolata;Protalveolata;Syndiniales;Syndiniales Group I;uncultured marine eukaryote","uncultured marine eukaryote"
"255","Zotu436","18S","Eukaryota;SAR;Alveolata;Ciliophora;Intramacronucleata;Conthreep;Oligohymenophorea;Peritrichia;Pseudovorticella;uncultured eukaryote","uncultured eukaryote"
"256","Zotu437","18S","Eukaryota;Opisthokonta;Nucletmycea;Fungi;Chytridiomycota;Incertae Sedis;Chytridiomycetes;Rhizophydiales;uncultured;uncultured marine eukaryote","uncultured marine eukaryote"
"257","Zotu44","18S","Eukaryota;SAR;Rhizaria;Cercozoa;Thecofilosea;uncultured;uncultured eukaryote","uncultured eukaryote"
"258","Zotu440","18S","Eukaryota;SAR;Alveolata;Ciliophora;Intramacronucleata;Spirotrichea;Hypotrichia;uncultured ciliate","uncultured ciliate"
"259","Zotu443","18S","Eukaryota;Opisthokonta;Holozoa;Metazoa (Animalia);Eumetazoa;Bilateria;Chordata;Tunicata;Ascidiacea;Stolidobranchia;Dendrodoa grossularia","Dendrodoa grossularia"
"260","Zotu445","18S","Eukaryota;SAR;Alveolata;Ciliophora;Intramacronucleata;Spirotrichea;Hypotrichia;uncultured;uncultured ciliate","uncultured ciliate"
"262","Zotu448","18S","Eukaryota;SAR;Alveolata;Ciliophora;Intramacronucleata;Conthreep;Prostomatea;Cryptocaryon;uncultured eukaryote","uncultured eukaryote"
"263","Zotu45","18S","Eukaryota;Opisthokonta;Holozoa;Metazoa (Animalia);Eumetazoa;Bilateria;Arthropoda;Crustacea;Ostracoda;Podocopa;Podocopida;Leptocythere lacertosa","Leptocythere lacertosa"
"264","Zotu451","18S","Eukaryota;Haptophyta;Prymnesiophyceae;Prymnesiales;Chrysochromulina;uncultured eukaryote","uncultured eukaryote"
"265","Zotu453","18S","Eukaryota;Opisthokonta;Holozoa;Metazoa (Animalia);Eumetazoa;Bilateria;Arthropoda;Crustacea;Maxillopoda;Copepoda;Harpacticoida;Paramphiascella fulvofasciata","Paramphiascella fulvofasciata"
"266","Zotu457","18S","Eukaryota;Opisthokonta;Nucletmycea;Fungi;Dikarya;Basidiomycota;Agaricomycotina;Agaricomycetes;Polyporales;Coriolaceae;Coriolopsis;Coriolopsis gallica","Coriolopsis gallica"
"267","Zotu458","18S","Eukaryota;Opisthokonta;Holozoa;Choanoflagellida;Acanthoecida;Stephanoecidae;Bicosta;Bicosta minor","Bicosta minor"
"268","Zotu459","18S","Eukaryota;Opisthokonta;Nucletmycea;Fungi;Dikarya;Ascomycota;Saccharomycotina;Saccharomycetes;Saccharomycetales;Saccharomycetaceae;Saccharomyces;Saccharomyces cerevisiae W303","Saccharomyces cerevisiae W303"
"269","Zotu460","18S","Eukaryota;Opisthokonta;Nucletmycea;Fungi;Dikarya;Basidiomycota;Agaricomycotina;Agaricomycetes;Polyporales;Coriolaceae;Coriolopsis;Coriolopsis gallica","Coriolopsis gallica"
"270","Zotu461","18S","Eukaryota;SAR;Rhizaria;Cercozoa;Imbricatea;Marimonadida;Pseudopirsonia;uncultured eukaryote","uncultured eukaryote"
"272","Zotu47","18S","Eukaryota;Opisthokonta;Holozoa;Metazoa (Animalia);Eumetazoa;Bilateria;Annelida;Polychaeta;Palpata;Phyllodocida;Eteone longa","Eteone longa"
"273","Zotu470","18S","Eukaryota;SAR;Alveolata;Dinoflagellata;Dinophyceae;Gymnodiniphycidae;Kareniaceae;Karlodinium;uncultured eukaryote","uncultured eukaryote"
"275","Zotu475","18S","Eukaryota;Excavata;Discoba;Jakobida;uncultured eukaryote","uncultured eukaryote"
"276","Zotu476","18S","Eukaryota;SAR;Alveolata;Ciliophora;Intramacronucleata;Spirotrichea;Choreotrichia;Leprotintinnus;Tintinnopsis radix","Tintinnopsis radix"
"278","Zotu480","18S","Eukaryota;SAR;Alveolata;Ciliophora;Intramacronucleata;Spirotrichea;Choreotrichia;Parastrombidinopsis;uncultured eukaryote","uncultured eukaryote"
"280","Zotu485","18S","Eukaryota;Opisthokonta;Nucletmycea;Fungi;Cryptomycota;Incertae Sedis;Incertae Sedis;Incertae Sedis;Incertae Sedis;Paramicrosporidium;uncultured eukaryote","uncultured eukaryote"
"281","Zotu487","18S","Eukaryota;Opisthokonta;Holozoa;Metazoa (Animalia);Eumetazoa;Bilateria;Gastrotricha;Chaetonotida;uncultured eukaryote","uncultured eukaryote"
"282","Zotu488","18S","Eukaryota;Archaeplastida;Chloroplastida;Chlorophyta;Ulvophyceae;Ulotrichales;Capsosiphon;Pseudothrix groenlandica","Pseudothrix groenlandica"
"283","Zotu49","18S","Eukaryota;Opisthokonta;Holozoa;Metazoa (Animalia);Eumetazoa;Bilateria;Arthropoda;Crustacea;Maxillopoda;Copepoda;Harpacticoida;Copepoda environmental sample","Copepoda environmental sample"
"284","Zotu490","18S","Eukaryota;Opisthokonta;Nucletmycea;Fungi;Dikarya;Ascomycota;Saccharomycotina;Saccharomycetes;Saccharomycetales;Saccharomycetaceae;Saccharomyces;Saccharomyces cerevisiae W303","Saccharomyces cerevisiae W303"
"285","Zotu491","18S","Eukaryota;SAR;Alveolata;Ciliophora;Intramacronucleata;Spirotrichea;Hypotrichia;uncultured;uncultured ciliate","uncultured ciliate"
"286","Zotu492","18S","Eukaryota;Opisthokonta;Holozoa;Metazoa (Animalia);Eumetazoa;Cnidaria;Hydrozoa;Hydroidolina;Leptothecata;Opercularella lacerata","Opercularella lacerata"
"287","Zotu493","18S","Eukaryota;Opisthokonta;Holozoa;Metazoa (Animalia);Eumetazoa;Cnidaria;Hydrozoa;Hydroidolina;Leptothecata;Obelia longissima","Obelia longissima"
"288","Zotu496","18S","Eukaryota;Opisthokonta;Holozoa;Metazoa (Animalia);Eumetazoa;Bilateria;Entoprocta;Coloniales;Barentsiidae;Barentsia benedeni","Barentsia benedeni"
"289","Zotu498","18S","Eukaryota;Opisthokonta;Holozoa;Choanoflagellida;Acanthoecida;Stephanoecidae;Bicosta;uncultured choanoflagellate","uncultured choanoflagellate"
"290","Zotu5","18S","Eukaryota;Opisthokonta;Holozoa;Metazoa (Animalia);Eumetazoa;Bilateria;Arthropoda;Crustacea;Maxillopoda;Copepoda;Calanoida;uncultured eukaryote","uncultured eukaryote"
"291","Zotu50","18S","Eukaryota;Opisthokonta;Holozoa;Metazoa (Animalia);Eumetazoa;Bilateria;Annelida;Polychaeta;Palpata;Phyllodocida;Nephtys paradoxa","Nephtys paradoxa"
"292","Zotu501","18S","Eukaryota;Opisthokonta;Nucletmycea;Fungi;Dikarya;Ascomycota;Saccharomycotina;Saccharomycetes;Saccharomycetales;Saccharomycetaceae;Saccharomyces;Saccharomyces cerevisiae W303","Saccharomyces cerevisiae W303"
"293","Zotu506","18S","Eukaryota;Opisthokonta;Nucletmycea;Fungi;Dikarya;Basidiomycota;Agaricomycotina;Agaricomycetes;Polyporales;Coriolaceae;Coriolopsis;Coriolopsis gallica","Coriolopsis gallica"
"294","Zotu507","18S","Eukaryota;SAR;Alveolata;Dinoflagellata;Noctilucales;uncultured eukaryote","uncultured eukaryote"
"295","Zotu508","18S","Eukaryota;Opisthokonta;Nucletmycea;Fungi;Chytridiomycota;Incertae Sedis;Chytridiomycetes;Rhizophydiales;uncultured;uncultured marine eukaryote","uncultured marine eukaryote"
"297","Zotu510","18S","Eukaryota;Opisthokonta;Nucletmycea;Fungi;Dikarya;Basidiomycota;Agaricomycotina;Agaricomycetes;Polyporales;Coriolaceae;Coriolopsis;Coriolopsis gallica","Coriolopsis gallica"
"298","Zotu517","18S","Eukaryota;SAR;Alveolata;Ciliophora;Intramacronucleata;Conthreep;Oligohymenophorea;Scuticociliatia;Pleuronema;Peniculistoma mytili","Peniculistoma mytili"
"299","Zotu519","18S","Eukaryota;SAR;Alveolata;Ciliophora;Intramacronucleata;Spirotrichea;Oligotrichia;Strombidium;uncultured eukaryote","uncultured eukaryote"
"301","Zotu522","18S","Eukaryota;Opisthokonta;Nucletmycea;Fungi;Dikarya;Ascomycota;Saccharomycotina;Saccharomycetes;Saccharomycetales;Saccharomycetaceae;Saccharomyces;Saccharomyces cerevisiae W303","Saccharomyces cerevisiae W303"
"302","Zotu523","18S","Eukaryota;SAR;Rhizaria;Cercozoa;Thecofilosea;uncultured;uncultured marine eukaryote","uncultured marine eukaryote"
"303","Zotu524","18S","Eukaryota;Opisthokonta;Nucletmycea;Fungi;Dikarya;Ascomycota;Saccharomycotina;Saccharomycetes;Saccharomycetales;Saccharomycetaceae;Saccharomyces;Saccharomyces cerevisiae W303","Saccharomyces cerevisiae W303"
"304","Zotu526","18S","Eukaryota;Opisthokonta;Holozoa;Metazoa (Animalia);Eumetazoa;Cnidaria;Anthozoa;Octocorallia;Alcyonacea;Alaskagorgia aleutiana","Alaskagorgia aleutiana"
"307","Zotu53","18S","Eukaryota;Opisthokonta;Holozoa;Metazoa (Animalia);Eumetazoa;Bilateria;Arthropoda;Crustacea;Maxillopoda;Copepoda;Calanoida;uncultured metazoan","uncultured metazoan"
"308","Zotu533","18S","Eukaryota;Haptophyta;Prymnesiophyceae;Isochrysidales;Gephyrocapsa oceanica","Gephyrocapsa oceanica"
"309","Zotu535","18S","Eukaryota;SAR;Alveolata;Dinoflagellata;Dinophyceae;Peridiniphycidae;Peridiniales;Amphidiniopsis;uncultured eukaryote","uncultured eukaryote"
"310","Zotu536","18S","Eukaryota;SAR;Alveolata;Ciliophora;Intramacronucleata;Conthreep;Prostomatea;Cryptocaryon;eukaryotic picoplankton environmental sample","eukaryotic picoplankton environmental sample"
"314","Zotu544","18S","Eukaryota;SAR;Alveolata;Protalveolata;Syndiniales;Amoebophrya;uncultured eukaryote","uncultured eukaryote"
"315","Zotu546","18S","Eukaryota;Opisthokonta;Holozoa;Metazoa (Animalia);Eumetazoa;Bilateria;Annelida;Clitellata;Oligochaeta;Haplotaxida;Paranais litoralis","Paranais litoralis"
"316","Zotu547","18S","Eukaryota;Opisthokonta;Holozoa;Metazoa (Animalia);Eumetazoa;Bilateria;Nematoda;Chromadorea;Monhysterida;Terschellingia longicaudata","Terschellingia longicaudata"
"319","Zotu551","18S","Eukaryota;Opisthokonta;Nucletmycea;Fungi;Cryptomycota;LKM11;uncultured eukaryote","uncultured eukaryote"
"320","Zotu558","18S","Eukaryota;Opisthokonta;Nucletmycea;Fungi;Dikarya;Basidiomycota;Agaricomycotina;Agaricomycetes;Polyporales;Coriolaceae;Coriolopsis;Coriolopsis gallica","Coriolopsis gallica"
"322","Zotu560","18S","Eukaryota;SAR;Alveolata;Dinoflagellata;Dinophyceae;Gymnodiniphycidae;Gymnodinium clade;Paragymnodinium;uncultured marine dinoflagellate","uncultured marine dinoflagellate"
"323","Zotu562","18S","Eukaryota;SAR;Alveolata;Ciliophora;Intramacronucleata;Spirotrichea;Hypotrichia;uncultured;uncultured ciliate","uncultured ciliate"
"324","Zotu563","18S","Eukaryota;Opisthokonta;Holozoa;Metazoa (Animalia);Eumetazoa;Bilateria;Bryozoa;Gymnolaemata;Cheilostomatida;Caberea boryi","Caberea boryi"
"325","Zotu564","18S","Eukaryota;SAR;Alveolata;Apicomplexa;Conoidasida;Gregarinasina;BAQA40;uncultured eukaryote","uncultured eukaryote"
"328","Zotu571","18S","Eukaryota;Opisthokonta;Nucletmycea;Fungi;Dikarya;Basidiomycota;Agaricomycotina;Agaricomycetes;Polyporales;Coriolaceae;Coriolopsis;Coriolopsis gallica","Coriolopsis gallica"
"330","Zotu576","18S","Eukaryota;SAR;Alveolata;Ciliophora;Intramacronucleata;Conthreep;Prostomatea;Cryptocaryon;uncultured eukaryote","uncultured eukaryote"
"331","Zotu579","18S","Eukaryota;SAR;Alveolata;Ciliophora;Intramacronucleata;Spirotrichea;Choreotrichia;uncultured;uncultured marine picoeukaryote","uncultured marine picoeukaryote"
"332","Zotu580","18S","Eukaryota;Opisthokonta;Holozoa;Metazoa (Animalia);Eumetazoa;Bilateria;Arthropoda;Crustacea;Malacostraca;Eumalacostraca;Eucarida;Calappa gallus","Calappa gallus"
"333","Zotu582","18S","Eukaryota;SAR;Rhizaria;Cercozoa;Imbricatea;Silicofilosea;Thaumatomonadida;Peregriniidae;D2P04A09;uncultured marine picoeukaryote","uncultured marine picoeukaryote"
"334","Zotu587","18S","Eukaryota;SAR;Rhizaria;Cercozoa;Novel Clade 2;uncultured eukaryote","uncultured eukaryote"
"335","Zotu589","18S","Eukaryota;SAR;Alveolata;Protalveolata;Syndiniales;Syndiniales Group I;uncultured marine picoeukaryote","uncultured marine picoeukaryote"
"336","Zotu59","18S","Eukaryota;Cryptophyceae;Cryptomonadales;Teleaulax;Teleaulax amphioxeia","Teleaulax amphioxeia"
"337","Zotu591","18S","Eukaryota;SAR;Rhizaria;Cercozoa;Thecofilosea;Ebriacea;Ebria;uncultured eukaryote","uncultured eukaryote"
"338","Zotu592","18S","Eukaryota;Opisthokonta;Holozoa;Metazoa (Animalia);Eumetazoa;Bilateria;Nematoda;Chromadorea;Monhysterida;Theristus acer","Theristus acer"
"339","Zotu594","18S","Eukaryota;Archaeplastida;Chloroplastida;Chlorophyta;Ulvophyceae;Bryopsidales;Bryopsis;Bryopsis plumosa","Bryopsis plumosa"
"340","Zotu596","18S","Eukaryota;SAR;Rhizaria;Cercozoa;Novel Clade 2;uncultured eukaryote","uncultured eukaryote"
"342","Zotu598","18S","Eukaryota;Opisthokonta;Nucletmycea;Fungi;Dikarya;Basidiomycota;Agaricomycotina;Agaricomycetes;Polyporales;Coriolaceae;Coriolopsis;Coriolopsis gallica","Coriolopsis gallica"
"343","Zotu599","18S","Eukaryota;Incertae Sedis;Telonema;uncultured eukaryote","uncultured eukaryote"
"344","Zotu6","18S","Eukaryota;Opisthokonta;Holozoa;Metazoa (Animalia);Eumetazoa;Bilateria;Arthropoda;Crustacea;Maxillopoda;Copepoda;Calanoida;Acartia clausii","Acartia clausii"
"345","Zotu60","18S","Eukaryota;Opisthokonta;Holozoa;Metazoa (Animalia);Eumetazoa;Bilateria;Nematoda;Chromadorea;Chromadorida;Atrochromadora microlaima","Atrochromadora microlaima"
"346","Zotu601","18S","Eukaryota;Opisthokonta;Nucletmycea;Fungi;Dikarya;Basidiomycota;Agaricomycotina;Agaricomycetes;Polyporales;Coriolaceae;Coriolopsis;Coriolopsis gallica","Coriolopsis gallica"
"347","Zotu603","18S","Eukaryota;Opisthokonta;Nucletmycea;Fungi;Dikarya;Basidiomycota;Agaricomycotina;Agaricomycetes;Polyporales;Coriolaceae;Coriolopsis;Coriolopsis gallica","Coriolopsis gallica"
"348","Zotu608","18S","Eukaryota;SAR;Alveolata;Protalveolata;Syndiniales;Amoebophrya;uncultured marine Syndiniales","uncultured marine Syndiniales"
"349","Zotu61","18S","Eukaryota;SAR;Alveolata;Dinoflagellata;Dinophyceae;Gymnodiniphycidae;Gyrodinium;uncultured eukaryote","uncultured eukaryote"
"350","Zotu610","18S","Eukaryota;Opisthokonta;Holozoa;Metazoa (Animalia);Eumetazoa;Bilateria;Arthropoda;Crustacea;Maxillopoda;Copepoda;Harpacticoida;Typhlamphiascus typhlops","Typhlamphiascus typhlops"
"351","Zotu611","18S","Eukaryota;Amoebozoa;Protosporangiida;Protosporangiidae;Protosporangium;uncultured eukaryote","uncultured eukaryote"
"352","Zotu612","18S","Eukaryota;Opisthokonta;Nucletmycea;Fungi;Dikarya;Ascomycota;Saccharomycotina;Saccharomycetes;Saccharomycetales;Saccharomycetaceae;Saccharomyces;Saccharomyces cerevisiae W303","Saccharomyces cerevisiae W303"
"353","Zotu613","18S","Eukaryota;SAR;Alveolata;Ciliophora;Intramacronucleata;Spirotrichea;Choreotrichia;Rimostrombidium;uncultured alveolate","uncultured alveolate"
"355","Zotu619","18S","Eukaryota;Archaeplastida;Rhodophyceae;Florideophycidae;Rhodymeniophycidae;Leptosiphonia schousboei","Leptosiphonia schousboei"
"356","Zotu62","18S","Eukaryota;Archaeplastida;Rhodophyceae;Florideophycidae;Rhodymeniophycidae;Ceramium;Ceramium diaphanum","Ceramium diaphanum"
"357","Zotu623","18S","Eukaryota;SAR;Alveolata;Ciliophora;Intramacronucleata;Spirotrichea;Choreotrichia;Parastrombidinopsis;Parastrombidinopsis shimi","Parastrombidinopsis shimi"
"359","Zotu625","18S","Eukaryota;Opisthokonta;Holozoa;Metazoa (Animalia);Eumetazoa;Bilateria;Mollusca;Gastropoda;Caenogastropoda;Pseudolatirus pallidus","Pseudolatirus pallidus"
"360","Zotu626","18S","Eukaryota;SAR;Alveolata;Ciliophora;Intramacronucleata;Spirotrichea;Choreotrichia;uncultured;uncultured eukaryote","uncultured eukaryote"
"362","Zotu63","18S","Eukaryota;Opisthokonta;Holozoa;Metazoa (Animalia);Eumetazoa;Bilateria;Mollusca;Gastropoda;Heterobranchia;Ercolania felina","Ercolania felina"
"363","Zotu630","18S","Eukaryota;SAR;Alveolata;Ciliophora;Intramacronucleata;Conthreep;Prostomatea;Cryptocaryon;uncultured marine eukaryote","uncultured marine eukaryote"
"364","Zotu633","18S","Eukaryota;SAR;Alveolata;Dinoflagellata;Dinophyceae;Peridiniphycidae;Thoracosphaeraceae;Scrippsiella;uncultured marine eukaryote","uncultured marine eukaryote"
"365","Zotu635","18S","Eukaryota;Opisthokonta;Holozoa;Metazoa (Animalia);Eumetazoa;Bilateria;Mollusca;Gastropoda;Heterobranchia;Boonea seminuda","Boonea seminuda"
"366","Zotu636","18S","Eukaryota;SAR;Alveolata;Dinoflagellata;Dinophyceae;Peridiniphycidae;Gonyaulacales;Neoceratium;Neoceratium minutum","Neoceratium minutum"
"367","Zotu637","18S","Eukaryota;Opisthokonta;Holozoa;Metazoa (Animalia);Eumetazoa;Bilateria;Entoprocta;Coloniales;Barentsiidae;Barentsia discreta","Barentsia discreta"
"368","Zotu64","18S","Eukaryota;Opisthokonta;Holozoa;Metazoa (Animalia);Eumetazoa;Bilateria;Annelida;Polychaeta;Palpata;Phyllodocida;Phyllodoce groenlandica","Phyllodoce groenlandica"
"370","Zotu65","18S","Eukaryota;Opisthokonta;Holozoa;Metazoa (Animalia);Eumetazoa;Bilateria;Nematoda;Chromadorea;Monhysterida;Sabatieria pulchra","Sabatieria pulchra"
"371","Zotu66","18S","Eukaryota;Opisthokonta;Holozoa;Metazoa (Animalia);Eumetazoa;Bilateria;Arthropoda;Crustacea;Maxillopoda;Copepoda;Calanoida;uncultured eukaryote","uncultured eukaryote"
"372","Zotu67","18S","Eukaryota;SAR;Alveolata;Ciliophora;Intramacronucleata;Conthreep;Nassophorea;uncultured marine eukaryote","uncultured marine eukaryote"
"373","Zotu68","18S","Eukaryota;SAR;Alveolata;Protalveolata;Colpodellida;Voromonas;Voromonas pontica","Voromonas pontica"
"375","Zotu7","18S","Eukaryota;Opisthokonta;Holozoa;Metazoa (Animalia);Eumetazoa;Bilateria;Chordata;Tunicata;Ascidiacea;Enterogona;Ascidiella aspersa","Ascidiella aspersa"
"376","Zotu70","18S","Eukaryota;SAR;Alveolata;Ciliophora;Intramacronucleata;Spirotrichea;Choreotrichia;Tintinnopsis;Tintinnopsis ventricosoides","Tintinnopsis ventricosoides"
"377","Zotu71","18S","Eukaryota;Opisthokonta;Holozoa;Choanoflagellida;Clade L;uncultured eukaryote","uncultured eukaryote"
"378","Zotu72","18S","Eukaryota;Opisthokonta;Holozoa;Metazoa (Animalia);Eumetazoa;Bilateria;Chordata;Tunicata;Ascidiacea;Stolidobranchia;Molgula manhattensis","Molgula manhattensis"
"379","Zotu74","18S","Eukaryota;Opisthokonta;Holozoa;Metazoa (Animalia);Eumetazoa;Bilateria;Nematoda;Chromadorea;Monhysterida;Daptonema oxycerca","Daptonema oxycerca"
"380","Zotu77","18S","Eukaryota;Opisthokonta;Holozoa;Choanoflagellida;Acanthoecida;Acanthoecidae;Pleurasiga;uncultured marine choanoflagellate","uncultured marine choanoflagellate"
"381","Zotu78","18S","Eukaryota;SAR;Alveolata;Ciliophora;Intramacronucleata;Spirotrichea;Oligotrichia;Strombidium;Strombidium hausmanni","Strombidium hausmanni"
"382","Zotu8","18S","Eukaryota;Opisthokonta;Holozoa;Metazoa (Animalia);Eumetazoa;Bilateria;Arthropoda;Crustacea;Maxillopoda;Copepoda;Calanoida;Temora longicornis","Temora longicornis"
"383","Zotu82","18S","Eukaryota;SAR;Alveolata;Dinoflagellata;Dinophyceae;Gymnodiniphycidae;Gymnodinium clade;Woloszynskia;uncultured marine Gymnodiniales","uncultured marine Gymnodiniales"
"385","Zotu85","18S","Eukaryota;SAR;Alveolata;Ciliophora;Intramacronucleata;Conthreep;Nassophorea;uncultured;uncultured eukaryote","uncultured eukaryote"
"386","Zotu86","18S","Eukaryota;Opisthokonta;Holozoa;Metazoa (Animalia);Eumetazoa;Cnidaria;Anthozoa;Hexacorallia;Actiniaria;Aiptasiogeton hyalinus","Aiptasiogeton hyalinus"
"387","Zotu9","18S","Eukaryota;Opisthokonta;Holozoa;Metazoa (Animalia);Eumetazoa;Bilateria;Arthropoda;Crustacea;Maxillopoda;Copepoda;Harpacticoida;Canuella perplexa","Canuella perplexa"
"390","Zotu93","18S","Eukaryota;Opisthokonta;Holozoa;Metazoa (Animalia);Eumetazoa;Bilateria;Platyhelminthes;Rhabditophora;Rhabdocoela;Neodalyellida;Proxenetes puccinellicola","Proxenetes puccinellicola"
"391","Zotu94","18S","Eukaryota;SAR;Alveolata;Ciliophora;Intramacronucleata;Spirotrichea;Choreotrichia;Rimostrombidium;uncultured eukaryote","uncultured eukaryote"
"392","Zotu95","18S","Eukaryota;SAR;Alveolata;Dinoflagellata;Dinophyceae;Peridiniphycidae;Peridiniales;Heterocapsa;uncultured dinoflagellate","uncultured dinoflagellate"
"393","Zotu96","18S","Eukaryota;Cryptophyceae;Cryptomonadales;Hemiselmis;uncultured cryptophyte","uncultured cryptophyte"
"394","Zotu97","18S","Eukaryota;Opisthokonta;Holozoa;Metazoa (Animalia);Eumetazoa;Cnidaria;Hydrozoa;Hydroidolina;Leptothecata;Gonothyraea loveni","Gonothyraea loveni"
"396","Zotu1020","COI","Eukaryota;Annelida;Polychaeta;Spionida;Spionidae;Spiophanes;Spiophanes bombyx","Spiophanes bombyx"
"397","Zotu1032","COI","Eukaryota;Annelida;Polychaeta;Eunicida;Dorvilleidae;Ophryotrocha;Ophryotrocha puerilis","Ophryotrocha puerilis"
"398","Zotu1043","COI","Eukaryota;Mollusca;Bivalvia;Mytiloida;Mytilidae;Mytilus;Mytilus trossulus","Mytilus trossulus"
"399","Zotu1052","COI","Eukaryota;Annelida;Haplotaxida;Naididae;Paranais;Paranais litoralis","Paranais litoralis"
"400","Zotu10622","COI","Eukaryota;Chordata;Actinopteri;Atheriniformes;Atherinidae;Atherina;Atherina boyeri","Atherina boyeri"
"401","Zotu10638","COI","Eukaryota;Arthropoda;Malacostraca;Amphipoda;Corophiidae;Monocorophium;Monocorophium acherusicum","Monocorophium acherusicum"
"402","Zotu1085","COI","Eukaryota;Annelida;Polychaeta;Terebellida;Pectinariidae;Pectinaria;Pectinaria koreni","Pectinaria koreni"
"403","Zotu10857","COI","Eukaryota;Arthropoda;Insecta;Trichoptera;Leptoceridae;Athripsodes;Athripsodes cinereus","Athripsodes cinereus"
"404","Zotu10878","COI","Eukaryota;Chordata;Actinopteri;Gobiiformes;Gobiidae;Gobiusculus;Gobiusculus flavescens","Gobiusculus flavescens"
"405","Zotu10894","COI","Eukaryota;Mollusca;Gastropoda;Trochidae;Gibbula;Gibbula umbilicalis","Gibbula umbilicalis"
"406","Zotu11042","COI","Eukaryota;Chordata;Mammalia;Carnivora;Canidae;Canis;Canis lupus","Canis lupus"
"407","Zotu1105","COI","Eukaryota;Arthropoda;Maxillopoda;Sessilia;Chthamalidae;Chamaesipho;Chamaesipho columna","Chamaesipho columna"
"408","Zotu1107","COI","Eukaryota;Chordata;Ascidiacea;Stolidobranchia;Styelidae;Botrylloides;Botrylloides violaceus","Botrylloides violaceus"
"409","Zotu11077","COI","Eukaryota;Chordata;Actinopteri;Gobiiformes;Gobiidae;Gobius;Gobius niger","Gobius niger"
"410","Zotu1108","COI","Eukaryota;Annelida;Polychaeta;Terebellida;Trichobranchidae;Trichobranchus;Trichobranchus glacialis","Trichobranchus glacialis"
"411","Zotu112","COI","Eukaryota;Annelida;Polychaeta;Phyllodocida;Sigalionidae;Sthenelais;Sthenelais boa","Sthenelais boa"
"412","Zotu11213","COI","Eukaryota;Annelida;Polychaeta;Terebellida;Ctenodrilidae;Ctenodrilus;Ctenodrilus serratus","Ctenodrilus serratus"
"413","Zotu11340","COI","Eukaryota;Arthropoda;Malacostraca;Decapoda;Carcinidae;Carcinus;Carcinus maenas","Carcinus maenas"
"414","Zotu11454","COI","Eukaryota;Mollusca;Gastropoda;Trochidae;Osilinus;Osilinus lineatus","Osilinus lineatus"
"415","Zotu11533","COI","Eukaryota;Xenacoelomorpha;Acoela;Mecynostomidae;Paramecynostomum;Paramecynostomum diversicolor","Paramecynostomum diversicolor"
"416","Zotu11632","COI","Eukaryota;Xenacoelomorpha;Acoela;Isodiametridae;Archaphanostoma;Archaphanostoma macrospiriferum","Archaphanostoma macrospiriferum"
"417","Zotu1197","COI","Eukaryota;Arthropoda;Maxillopoda;Sessilia;Chthamalidae;Chamaesipho;Chamaesipho columna","Chamaesipho columna"
"418","Zotu1204","COI","Eukaryota;Mollusca;Gastropoda;Nudibranchia;Dotidae;Doto;Doto coronata","Doto coronata"
"419","Zotu12165","COI","Eukaryota;Chordata;Aves;Charadriiformes;Laridae;Larus;Larus heuglini","Larus heuglini"
"420","Zotu126","COI","Eukaryota;Mollusca;Bivalvia;Myoida;Corbulidae;Corbula;Corbula gibba","Corbula gibba"
"421","Zotu1287","COI","Eukaryota;Bryozoa;Gymnolaemata;Cheilostomatida;Electridae;Electra;Electra pilosa","Electra pilosa"
"422","Zotu1288","COI","Eukaryota;Arthropoda;Maxillopoda;Calanoida;Acartiidae;Acartia;Acartia clausii","Acartia clausii"
"423","Zotu129","COI","Eukaryota;Arthropoda;Maxillopoda;Calanoida;Temoridae;Temora;Temora longicornis","Temora longicornis"
"424","Zotu1317","COI","Eukaryota;Bryozoa;Gymnolaemata;Cheilostomatida;Electridae;Electra;Electra pilosa","Electra pilosa"
"425","Zotu132","COI","Eukaryota;Cnidaria;Anthozoa;Actiniaria;Sagartiidae;Sagartia;Sagartia ornata","Sagartia ornata"
"426","Zotu1373","COI","Eukaryota;Chordata;Ascidiacea;Stolidobranchia;Styelidae;Botryllus;Botryllus schlosseri","Botryllus schlosseri"
"427","Zotu1399","COI","Eukaryota;Mollusca;Bivalvia;Mytiloida;Mytilidae;Musculista;Musculista senhousia","Musculista senhousia"
"428","Zotu1404","COI","Eukaryota;Bryozoa;Gymnolaemata;Cheilostomatida;Membraniporidae;Membranipora;Membranipora membranacea","Membranipora membranacea"
"429","Zotu1452","COI","Eukaryota;Mollusca;Gastropoda;Hydrobiidae;Peringia;Peringia ulvae","Peringia ulvae"
"430","Zotu1510","COI","Eukaryota;Mollusca;Bivalvia;Mytiloida;Mytilidae;Mytilus;Mytilus edulis","Mytilus edulis"
"431","Zotu1528","COI","Eukaryota;Arthropoda;Maxillopoda;Sessilia;Chthamalidae;Chamaesipho;Chamaesipho columna","Chamaesipho columna"
"432","Zotu153","COI","Eukaryota;Mollusca;Gastropoda;Hydrobiidae;Peringia;Peringia ulvae","Peringia ulvae"
"433","Zotu1541","COI","Eukaryota;Annelida;Polychaeta;Sabellida;Sabellariidae;Sabellaria;Sabellaria alveolata","Sabellaria alveolata"
"434","Zotu1567","COI","Eukaryota;Arthropoda;Maxillopoda;Sessilia;Chthamalidae;Chamaesipho;Chamaesipho columna","Chamaesipho columna"
"435","Zotu1573","COI","Eukaryota;Arthropoda;Maxillopoda;Sessilia;Chthamalidae;Chamaesipho;Chamaesipho columna","Chamaesipho columna"
"436","Zotu158","COI","Eukaryota;Cnidaria;Hydrozoa;Leptothecata;Campanulariidae;Obelia;Obelia longissima","Obelia longissima"
"437","Zotu1593","COI","Eukaryota;Mollusca;Bivalvia;Mytiloida;Mytilidae;Mytilus;Mytilus trossulus","Mytilus trossulus"
"438","Zotu1599","COI","Eukaryota;Mollusca;Gastropoda;Hydrobiidae;Peringia;Peringia ulvae","Peringia ulvae"
"439","Zotu161","COI","Eukaryota;Mollusca;Gastropoda;Limapontiidae;Limapontia;Limapontia depressa","Limapontia depressa"
"440","Zotu1620","COI","Eukaryota;Chordata;Actinopteri;Mugiliformes;Mugilidae;Chelon;Chelon labrosus","Chelon labrosus"
"441","Zotu1667","COI","Eukaryota;Mollusca;Gastropoda;Patellidae;Patella;Patella vulgata","Patella vulgata"
"442","Zotu1728","COI","Eukaryota;Mollusca;Gastropoda;Littorinidae;Littorina;Littorina littorea","Littorina littorea"
"443","Zotu176","COI","Eukaryota;Annelida;Polychaeta;Phyllodocida;Nereididae;Platynereis;Platynereis dumerilii","Platynereis dumerilii"
"444","Zotu1773","COI","Eukaryota;Mollusca;Bivalvia;Mytiloida;Mytilidae;Mytilus;Mytilus edulis","Mytilus edulis"
"445","Zotu179","COI","Eukaryota;Mollusca;Bivalvia;Veneroida;Veneridae;Ruditapes;Ruditapes philippinarum","Ruditapes philippinarum"
"446","Zotu1846","COI","Eukaryota;Chordata;Ascidiacea;Enterogona;Ascidiidae;Phallusia;Phallusia ingeria","Phallusia ingeria"
"447","Zotu1888","COI","Eukaryota;Annelida;Polychaeta;Phyllodocida;Phyllodocidae;Phyllodoce;Phyllodoce groenlandica","Phyllodoce groenlandica"
"448","Zotu2041","COI","Eukaryota;Annelida;Polychaeta;Terebellida;Pectinariidae;Pectinaria;Pectinaria koreni","Pectinaria koreni"
"449","Zotu2046","COI","Eukaryota;Annelida;Polychaeta;Phyllodocida;Nereididae;Hediste;Hediste diversicolor","Hediste diversicolor"
"450","Zotu2057","COI","Eukaryota;Cnidaria;Scyphozoa;Semaeostomeae;Ulmaridae;Aurelia;Aurelia aurita","Aurelia aurita"
"451","Zotu2105","COI","Eukaryota;Bryozoa;Gymnolaemata;Cheilostomatida;Bugulidae;Bugula;Bugula plumosa","Bugula plumosa"
"452","Zotu2160","COI","Eukaryota;Chordata;Actinopteri;Scombriformes;Scombridae;Scomber;Scomber scombrus","Scomber scombrus"
"453","Zotu2161","COI","Eukaryota;Arthropoda;Maxillopoda;Calanoida;Temoridae;Eurytemora;Eurytemora affinis","Eurytemora affinis"
"454","Zotu2202","COI","Eukaryota;Chordata;Ascidiacea;Enterogona;Cionidae;Ciona;Ciona intestinalis","Ciona intestinalis"
"455","Zotu2229","COI","Eukaryota;Arthropoda;Maxillopoda;Sessilia;Chthamalidae;Chamaesipho;Chamaesipho columna","Chamaesipho columna"
"456","Zotu2251","COI","Eukaryota;Cnidaria;Scyphozoa;Semaeostomeae;Ulmaridae;Aurelia;Aurelia aurita","Aurelia aurita"
"457","Zotu23","COI","Eukaryota;Arthropoda;Maxillopoda;Calanoida;Centropagidae;Centropages;Centropages hamatus","Centropages hamatus"
"458","Zotu2346","COI","Eukaryota;Cnidaria;Hydrozoa;Leptothecata;Campanulariidae;Clytia;Clytia paulensis","Clytia paulensis"
"459","Zotu2349","COI","Eukaryota;Mollusca;Bivalvia;Mytiloida;Mytilidae;Mytilus;Mytilus edulis","Mytilus edulis"
"460","Zotu235","COI","Eukaryota;Arthropoda;Maxillopoda;Calanoida;Acartiidae;Acartia;Acartia margalefi","Acartia margalefi"
"461","Zotu2352","COI","Eukaryota;Cnidaria;Hydrozoa;Leptothecata;Campanulariidae;Clytia;Clytia hemisphaerica","Clytia hemisphaerica"
"462","Zotu2371","COI","Eukaryota;Annelida;Polychaeta;Spionida;Spionidae;Pygospio;Pygospio elegans","Pygospio elegans"
"463","Zotu24","COI","Eukaryota;Annelida;Polychaeta;Eunicida;Dorvilleidae;Ophryotrocha;Ophryotrocha hartmanni","Ophryotrocha hartmanni"
"464","Zotu241","COI","Eukaryota;Annelida;Polychaeta;Phyllodocida;Nephtyidae;Nephtys;Nephtys hombergii","Nephtys hombergii"
"465","Zotu2420","COI","Eukaryota;Mollusca;Bivalvia;Ostreoida;Ostreidae;Ostrea;Ostrea edulis","Ostrea edulis"
"466","Zotu244","COI","Eukaryota;Arthropoda;Maxillopoda;Harpacticoida;Euterpinidae;Euterpina;Euterpina acutifrons","Euterpina acutifrons"
"467","Zotu2594","COI","Eukaryota;Annelida;Polychaeta;Phyllodocida;Nephtyidae;Nephtys;Nephtys cirrosa","Nephtys cirrosa"
"468","Zotu26","COI","Eukaryota;Annelida;Haplotaxida;Naididae;Tubificoides;Tubificoides brownae","Tubificoides brownae"
"469","Zotu2613","COI","Eukaryota;Annelida;Polychaeta;Phyllodocida;Polynoidae;Lepidonotus;Lepidonotus squamatus","Lepidonotus squamatus"
"470","Zotu2647","COI","Eukaryota;Mollusca;Gastropoda;Buccinidae;Buccinum;Buccinum undatum","Buccinum undatum"
"471","Zotu2677","COI","Eukaryota;Arthropoda;Pycnogonida;Pantopoda;Ammotheidae;Ammothea;Ammothea hilgendorfi","Ammothea hilgendorfi"
"472","Zotu2716","COI","Eukaryota;Mollusca;Gastropoda;Hydrobiidae;Peringia;Peringia ulvae","Peringia ulvae"
"473","Zotu275","COI","Eukaryota;Mollusca;Bivalvia;Veneroida;Tellinidae;Macoma;Macoma balthica","Macoma balthica"
"474","Zotu2765","COI","Eukaryota;Mollusca;Bivalvia;Nuculoida;Nuculidae;Nucula;Nucula nitidosa","Nucula nitidosa"
"475","Zotu2818","COI","Eukaryota;Mollusca;Bivalvia;Veneroida;Cardiidae;Cerastoderma;Cerastoderma glaucum","Cerastoderma glaucum"
"476","Zotu286","COI","Eukaryota;Annelida;Polychaeta;Phyllodocida;Phyllodocidae;Phyllodoce;Phyllodoce groenlandica","Phyllodoce groenlandica"
"477","Zotu2860","COI","Eukaryota;Cnidaria;Scyphozoa;Semaeostomeae;Ulmaridae;Aurelia;Aurelia aurita","Aurelia aurita"
"478","Zotu298","COI","Eukaryota;Annelida;Polychaeta;Phyllodocida;Nereididae;Hediste;Hediste diversicolor","Hediste diversicolor"
"479","Zotu2988","COI","Eukaryota;Mollusca;Bivalvia;Mytiloida;Mytilidae;Mytilus;Mytilus trossulus","Mytilus trossulus"
"480","Zotu299","COI","Eukaryota;Mollusca;Bivalvia;Mytiloida;Mytilidae;Mytilus;Mytilus trossulus","Mytilus trossulus"
"481","Zotu3010","COI","Eukaryota;Mollusca;Bivalvia;Veneroida;Semelidae;Abra;Abra alba","Abra alba"
"482","Zotu3090","COI","Eukaryota;Cnidaria;Hydrozoa;Leptothecata;Campanulariidae;Obelia;Obelia dichotoma","Obelia dichotoma"
"483","Zotu31","COI","Eukaryota;Annelida;Polychaeta;Spionida;Spionidae;Streblospio;Streblospio benedicti","Streblospio benedicti"
"484","Zotu3147","COI","Eukaryota;Arthropoda;Maxillopoda;Calanoida;Centropagidae;Isias;Isias clavipes","Isias clavipes"
"485","Zotu3224","COI","Eukaryota;Arthropoda;Insecta;Diptera;Simuliidae;Simulium;Simulium lineatum","Simulium lineatum"
"486","Zotu325","COI","Eukaryota;Annelida;Haplotaxida;Naididae;Tubificoides;Tubificoides brownae","Tubificoides brownae"
"487","Zotu3280","COI","Eukaryota;Annelida;Polychaeta;Spionida;Cirratulidae;Cirriformia;Cirriformia tentaculata","Cirriformia tentaculata"
"488","Zotu3367","COI","Eukaryota;Mollusca;Bivalvia;Mytiloida;Mytilidae;Mytilus;Mytilus galloprovincialis","Mytilus galloprovincialis"
"489","Zotu3479","COI","Eukaryota;Mollusca;Gastropoda;Hydrobiidae;Peringia;Peringia ulvae","Peringia ulvae"
"490","Zotu3486","COI","Eukaryota;Cnidaria;Hydrozoa;Anthoathecata;Pandeidae;Leuckartiara;Leuckartiara octona","Leuckartiara octona"
"491","Zotu3598","COI","Eukaryota;Chordata;Actinopteri;Moronidae;Dicentrarchus;Dicentrarchus labrax","Dicentrarchus labrax"
"492","Zotu3668","COI","Eukaryota;Porifera;Demospongiae;Haplosclerida;Chalinidae;Haliclona;Haliclona oculata","Haliclona oculata"
"493","Zotu37","COI","Eukaryota;Arthropoda;Malacostraca;Decapoda;Portunidae;Necora;Necora puber","Necora puber"
"494","Zotu3706","COI","Eukaryota;Cnidaria;Hydrozoa;Anthoathecata;Hydridae;Hydra;Hydra oligactis","Hydra oligactis"
"495","Zotu381","COI","Eukaryota;Annelida;Polychaeta;Spionida;Cirratulidae;Cirriformia;Cirriformia tentaculata","Cirriformia tentaculata"
"496","Zotu383","COI","Eukaryota;Mollusca;Bivalvia;Mytiloida;Mytilidae;Mytilus;Mytilus galloprovincialis","Mytilus galloprovincialis"
"497","Zotu3905","COI","Eukaryota;Cnidaria;Hydrozoa;Anthoathecata;Corynidae;Sarsia;Sarsia tubulosa","Sarsia tubulosa"
"498","Zotu3929","COI","Eukaryota;Cnidaria;Hydrozoa;Leptothecata;Campanulariidae;Clytia;Clytia languida","Clytia languida"
"499","Zotu40","COI","Eukaryota;Annelida;Polychaeta;Spionida;Spionidae;Streblospio;Streblospio benedicti","Streblospio benedicti"
"500","Zotu4004","COI","Eukaryota;Chordata;Ascidiacea;Stolidobranchia;Styelidae;Botryllus;Botryllus schlosseri","Botryllus schlosseri"
"501","Zotu401","COI","Eukaryota;Arthropoda;Maxillopoda;Calanoida;Acartiidae;Acartia;Acartia tonsa","Acartia tonsa"
"502","Zotu4069","COI","Eukaryota;Cnidaria;Anthozoa;Alcyonacea;Alcyoniidae;Alcyonium;Alcyonium siderium","Alcyonium siderium"
"503","Zotu4073","COI","Eukaryota;Arthropoda;Maxillopoda;Calanoida;Clausocalanidae;Pseudocalanus;Pseudocalanus moultoni","Pseudocalanus moultoni"
"504","Zotu4094","COI","Eukaryota;Chordata;Ascidiacea;Enterogona;Ascidiidae;Ascidiella;Ascidiella aspersa","Ascidiella aspersa"
"505","Zotu4177","COI","Eukaryota;Porifera;Demospongiae;Halichondrida;Hymeniacidonidae;Hymeniacidon;Hymeniacidon perlevis","Hymeniacidon perlevis"
"506","Zotu4189","COI","Eukaryota;Chordata;Actinopteri;Salmoniformes;Salmonidae;Oncorhynchus;Oncorhynchus mykiss","Oncorhynchus mykiss"
"507","Zotu420","COI","Eukaryota;Mollusca;Bivalvia;Mytiloida;Mytilidae;Mytilus;Mytilus trossulus","Mytilus trossulus"
"508","Zotu4681","COI","Eukaryota;Annelida;Polychaeta;Spionida;Spionidae;Pygospio;Pygospio elegans","Pygospio elegans"
"509","Zotu479","COI","Eukaryota;Kinorhyncha;Homalorhagida;Pycnophyidae;Pycnophyes;Pycnophyes dentatus","Pycnophyes dentatus"
"510","Zotu4795","COI","Eukaryota;Arthropoda;Malacostraca;Decapoda;Carcinidae;Carcinus;Carcinus maenas","Carcinus maenas"
"511","Zotu48","COI","Eukaryota;Arthropoda;Malacostraca;Decapoda;Polybiidae;Liocarcinus;Liocarcinus depurator","Liocarcinus depurator"
"512","Zotu4807","COI","Eukaryota;Arthropoda;Maxillopoda;Calanoida;Temoridae;Eurytemora;Eurytemora affinis","Eurytemora affinis"
"513","Zotu481","COI","Eukaryota;Mollusca;Bivalvia;Mytiloida;Mytilidae;Mytilus;Mytilus edulis","Mytilus edulis"
"514","Zotu483","COI","Eukaryota;Porifera;Demospongiae;Halichondrida;Halichondriidae;Halichondria;Halichondria panicea","Halichondria panicea"
"515","Zotu4837","COI","Eukaryota;Cnidaria;Hydrozoa;Anthoathecata;Corymorphidae;Corymorpha;Corymorpha bigelowi","Corymorpha bigelowi"
"516","Zotu4882","COI","Eukaryota;Mollusca;Gastropoda;Akeridae;Akera;Akera bullata","Akera bullata"
"517","Zotu500","COI","Eukaryota;Echinodermata;Crinoidea;Comatulida;Antedonidae;Antedon;Antedon bifida","Antedon bifida"
"518","Zotu5025","COI","Eukaryota;Bryozoa;Gymnolaemata;Ctenostomatida;Vesiculariidae;Bowerbankia;Bowerbankia imbricata","Bowerbankia imbricata"
"519","Zotu505","COI","Eukaryota;Annelida;Polychaeta;Phyllodocida;Hesionidae;Psamathe;Psamathe fusca","Psamathe fusca"
"520","Zotu5117","COI","Eukaryota;Cnidaria;Hydrozoa;Leptothecata;Campanulariidae;Laomedea;Laomedea flexuosa","Laomedea flexuosa"
"521","Zotu5121","COI","Eukaryota;Mollusca;Gastropoda;Limapontiidae;Limapontia;Limapontia depressa","Limapontia depressa"
"522","Zotu5215","COI","Eukaryota;Mollusca;Bivalvia;Mytiloida;Mytilidae;Mytilus;Mytilus galloprovincialis","Mytilus galloprovincialis"
"523","Zotu529","COI","Eukaryota;Mollusca;Gastropoda;Hydrobiidae;Peringia;Peringia ulvae","Peringia ulvae"
"524","Zotu536","COI","Eukaryota;Porifera;Demospongiae;Haplosclerida;Chalinidae;Haliclona;Haliclona xena","Haliclona xena"
"525","Zotu540","COI","Eukaryota;Nemertea;Palaeonemertea;Cephalothricidae;Cephalothrix;Cephalothrix simula","Cephalothrix simula"
"526","Zotu5500","COI","Eukaryota;Arthropoda;Insecta;Ephemeroptera;Caenidae;Caenis;Caenis pusilla","Caenis pusilla"
"527","Zotu551","COI","Eukaryota;Mollusca;Bivalvia;Mytiloida;Mytilidae;Mytilus;Mytilus galloprovincialis","Mytilus galloprovincialis"
"528","Zotu5514","COI","Eukaryota;Mollusca;Gastropoda;Calyptraeidae;Crepidula;Crepidula fornicata","Crepidula fornicata"
"529","Zotu5550","COI","Eukaryota;Cnidaria;Hydrozoa;Leptothecata;Campanulariidae;Clytia;Clytia hemisphaerica","Clytia hemisphaerica"
"530","Zotu558","COI","Eukaryota;Arthropoda;Maxillopoda;Sessilia;Chthamalidae;Chamaesipho;Chamaesipho columna","Chamaesipho columna"
"531","Zotu560","COI","Eukaryota;Annelida;Polychaeta;Terebellida;Trichobranchidae;Trichobranchus;Trichobranchus glacialis","Trichobranchus glacialis"
"532","Zotu5721","COI","Eukaryota;Mollusca;Gastropoda;Hydrobiidae;Peringia;Peringia ulvae","Peringia ulvae"
"533","Zotu5753","COI","Eukaryota;Bryozoa;Gymnolaemata;Ctenostomatida;Vesiculariidae;Bowerbankia;Bowerbankia gracilis","Bowerbankia gracilis"
"534","Zotu5782","COI","Eukaryota;Annelida;Polychaeta;Phyllodocida;Nereididae;Alitta;Alitta virens","Alitta virens"
"535","Zotu5800","COI","Eukaryota;Arthropoda;Insecta;Coleoptera;Chrysomelidae;Donacia;Donacia clavipes","Donacia clavipes"
"536","Zotu5879","COI","Eukaryota;Arthropoda;Insecta;Diptera;Chironomidae;Tvetenia;Tvetenia calvescens","Tvetenia calvescens"
"537","Zotu595","COI","Eukaryota;Annelida;Polychaeta;Terebellida;Trichobranchidae;Trichobranchus;Trichobranchus glacialis","Trichobranchus glacialis"
"538","Zotu596","COI","Eukaryota;Mollusca;Bivalvia;Veneroida;Cardiidae;Cerastoderma;Cerastoderma glaucum","Cerastoderma glaucum"
"539","Zotu6006","COI","Eukaryota;Echinodermata;Asteroidea;Forcipulatida;Asteriidae;Asterias;Asterias rubens","Asterias rubens"
"540","Zotu6013","COI","Eukaryota;Mollusca;Bivalvia;Mytiloida;Mytilidae;Mytilus;Mytilus galloprovincialis","Mytilus galloprovincialis"
"541","Zotu6025","COI","Eukaryota;Chordata;Ascidiacea;Enterogona;Ascidiidae;Ascidiella;Ascidiella aspersa","Ascidiella aspersa"
"542","Zotu6037","COI","Eukaryota;Arthropoda;Insecta;Diptera;Chironomidae;Micropsectra;Micropsectra pallidula","Micropsectra pallidula"
"543","Zotu6044","COI","Eukaryota;Arthropoda;Insecta;Diptera;Simuliidae;Simulium;Simulium lineatum","Simulium lineatum"
"544","Zotu612","COI","Eukaryota;Mollusca;Gastropoda;Hydrobiidae;Peringia;Peringia ulvae","Peringia ulvae"
"545","Zotu6136","COI","Eukaryota;Mollusca;Bivalvia;Mytiloida;Mytilidae;Mytilus;Mytilus galloprovincialis","Mytilus galloprovincialis"
"546","Zotu6229","COI","Eukaryota;Arthropoda;Insecta;Diptera;Simuliidae;Simulium;Simulium ornatum","Simulium ornatum"
"547","Zotu629","COI","Eukaryota;Arthropoda;Maxillopoda;Sessilia;Chthamalidae;Chamaesipho;Chamaesipho columna","Chamaesipho columna"
"548","Zotu6358","COI","Eukaryota;Bryozoa;Gymnolaemata;Cheilostomatida;Membraniporidae;Membranipora;Membranipora membranacea","Membranipora membranacea"
"549","Zotu6464","COI","Eukaryota;Annelida;Polychaeta;Phyllodocida;Nereididae;Hediste;Hediste diversicolor","Hediste diversicolor"
"550","Zotu6497","COI","Eukaryota;Annelida;Polychaeta;Spionida;Cirratulidae;Cirriformia;Cirriformia tentaculata","Cirriformia tentaculata"
"551","Zotu6536","COI","Eukaryota;Cnidaria;Hydrozoa;Anthoathecata;Hydridae;Hydra;Hydra oligactis","Hydra oligactis"
"552","Zotu654","COI","Eukaryota;Mollusca;Bivalvia;Veneroida;Cardiidae;Cerastoderma;Cerastoderma glaucum","Cerastoderma glaucum"
"553","Zotu657","COI","Eukaryota;Mollusca;Gastropoda;Trochidae;Gibbula;Gibbula cineraria","Gibbula cineraria"
"554","Zotu6677","COI","Eukaryota;Annelida;Polychaeta;Terebellida;Amphitrite;Amphitrite figulus","Amphitrite figulus"
"555","Zotu6719","COI","Eukaryota;Arthropoda;Insecta;Hymenoptera;Formicidae;Lasius;Lasius niger","Lasius niger"
"556","Zotu6734","COI","Eukaryota;Annelida;Haplotaxida;Naididae;Chaetogaster;Chaetogaster diastrophus","Chaetogaster diastrophus"
"557","Zotu6768","COI","Eukaryota;Bryozoa;Gymnolaemata;Cheilostomatida;Candidae;Scrupocellaria;Scrupocellaria scruposa","Scrupocellaria scruposa"
"558","Zotu6831","COI","Eukaryota;Bryozoa;Gymnolaemata;Cheilostomatida;Hippothoidae;Celleporella;Celleporella hyalina","Celleporella hyalina"
"559","Zotu6926","COI","Eukaryota;Mollusca;Gastropoda;Calyptraeidae;Crepidula;Crepidula fornicata","Crepidula fornicata"
"560","Zotu7","COI","Eukaryota;Arthropoda;Maxillopoda;Calanoida;Paracalanidae;Paracalanus;Paracalanus parvus","Paracalanus parvus"
"561","Zotu70","COI","Eukaryota;Annelida;Haplotaxida;Naididae;Tubificoides;Tubificoides brownae","Tubificoides brownae"
"562","Zotu700","COI","Eukaryota;Cnidaria;Hydrozoa;Anthoathecata;Corymorphidae;Corymorpha;Corymorpha bigelowi","Corymorpha bigelowi"
"563","Zotu7089","COI","Eukaryota;Xenacoelomorpha;Acoela;Childiidae;Philactinoposthia;Philactinoposthia saliens","Philactinoposthia saliens"
"564","Zotu7135","COI","Eukaryota;Annelida;Polychaeta;Phyllodocida;Nereididae;Hediste;Hediste diversicolor","Hediste diversicolor"
"565","Zotu7167","COI","Eukaryota;Chordata;Actinopteri;Atheriniformes;Atherinidae;Atherina;Atherina presbyter","Atherina presbyter"
"566","Zotu7216","COI","Eukaryota;Annelida;Haplotaxida;Naididae;Nais;Nais elinguis","Nais elinguis"
"567","Zotu73","COI","Eukaryota;Arthropoda;Maxillopoda;Calanoida;Acartiidae;Acartia;Acartia bifilosa","Acartia bifilosa"
"568","Zotu7319","COI","Eukaryota;Cnidaria;Scyphozoa;Semaeostomeae;Ulmaridae;Aurelia;Aurelia aurita","Aurelia aurita"
"569","Zotu7535","COI","Eukaryota;Chordata;Ascidiacea;Enterogona;Cionidae;Ciona;Ciona intestinalis","Ciona intestinalis"
"570","Zotu771","COI","Eukaryota;Arthropoda;Maxillopoda;Calanoida;Calanidae;Calanus;Calanus helgolandicus","Calanus helgolandicus"
"571","Zotu7752","COI","Eukaryota;Bryozoa;Gymnolaemata;Cheilostomatida;Bugulidae;Bugula;Bugula neritina","Bugula neritina"
"572","Zotu7816","COI","Eukaryota;Arthropoda;Insecta;Ephemeroptera;Baetidae;Takobia;Takobia muticus","Takobia muticus"
"573","Zotu7818","COI","Eukaryota;Annelida;Polychaeta;Phyllodocida;Nereididae;Hediste;Hediste diversicolor","Hediste diversicolor"
"574","Zotu7828","COI","Eukaryota;Bryozoa;Gymnolaemata;Cheilostomatida;Bugulidae;Bugula;Bugula neritina","Bugula neritina"
"575","Zotu788","COI","Eukaryota;Annelida;Haplotaxida;Naididae;Tubificoides;Tubificoides benedii","Tubificoides benedii"
"576","Zotu7945","COI","Eukaryota;Mollusca;Bivalvia;Veneroida;Mactridae;Mactra;Mactra stultorum","Mactra stultorum"
"577","Zotu807","COI","Eukaryota;Annelida;Polychaeta;Phyllodocida;Phyllodocidae;Eumida;Eumida sanguinea","Eumida sanguinea"
"578","Zotu8194","COI","Eukaryota;Arthropoda;Insecta;Diptera;Chironomidae;Chironomus;Chironomus salinarius","Chironomus salinarius"
"579","Zotu82","COI","Eukaryota;Annelida;Polychaeta;Phyllodocida;Nephtyidae;Nephtys;Nephtys hombergii","Nephtys hombergii"
"580","Zotu8232","COI","Eukaryota;Mollusca;Polyplacophora;Neoloricata;Lepidochitonidae;Lepidochitona;Lepidochitona cinerea","Lepidochitona cinerea"
"581","Zotu825","COI","Eukaryota;Mollusca;Gastropoda;Hydrobiidae;Peringia;Peringia ulvae","Peringia ulvae"
"582","Zotu833","COI","Eukaryota;Arthropoda;Maxillopoda;Calanoida;Clausocalanidae;Pseudocalanus;Pseudocalanus elongatus","Pseudocalanus elongatus"
"583","Zotu8416","COI","Eukaryota;Mollusca;Bivalvia;Mytiloida;Mytilidae;Mytilus;Mytilus edulis","Mytilus edulis"
"584","Zotu8514","COI","Eukaryota;Annelida;Haplotaxida;Naididae;Tubificoides;Tubificoides benedii","Tubificoides benedii"
"585","Zotu8682","COI","Eukaryota;Arthropoda;Insecta;Diptera;Chironomidae;Orthocladius;Orthocladius oblidens","Orthocladius oblidens"
"586","Zotu8742","COI","Eukaryota;Arthropoda;Maxillopoda;Cyclopoida;Mytilicolidae;Mytilicola;Mytilicola intestinalis","Mytilicola intestinalis"
"587","Zotu8783","COI","Eukaryota;Arthropoda;Malacostraca;Amphipoda;Corophiidae;Monocorophium;Monocorophium insidiosum","Monocorophium insidiosum"
"588","Zotu8838","COI","Eukaryota;Arthropoda;Insecta;Diptera;Chironomidae;Halocladius;Halocladius variabilis","Halocladius variabilis"
"589","Zotu8917","COI","Eukaryota;Mollusca;Bivalvia;Veneroida;Scrobiculariidae;Scrobicularia;Scrobicularia plana","Scrobicularia plana"
"590","Zotu8949","COI","Eukaryota;Mollusca;Polyplacophora;Neoloricata;Acanthochitonidae;Acanthochitona;Acanthochitona crinita","Acanthochitona crinita"
"591","Zotu900","COI","Eukaryota;Annelida;Polychaeta;Terebellida;Ctenodrilidae;Ctenodrilus;Ctenodrilus serratus","Ctenodrilus serratus"
"592","Zotu9031","COI","Eukaryota;Bryozoa;Gymnolaemata;Cheilostomatida;Watersiporidae;Watersipora;Watersipora subtorquata","Watersipora subtorquata"
"593","Zotu907","COI","Eukaryota;Arthropoda;Maxillopoda;Calanoida;Clausocalanidae;Pseudocalanus;Pseudocalanus elongatus","Pseudocalanus elongatus"
"594","Zotu9136","COI","Eukaryota;Echinodermata;Ophiuroidea;Ophiurida;Amphiuridae;Acrocnida;Acrocnida brachiata","Acrocnida brachiata"
"595","Zotu9145","COI","Eukaryota;Cnidaria;Scyphozoa;Semaeostomeae;Ulmaridae;Aurelia;Aurelia aurita","Aurelia aurita"
"596","Zotu9153","COI","Eukaryota;Chordata;Aves;Anseriformes;Anatidae;Cygnus;Cygnus olor","Cygnus olor"
"597","Zotu9156","COI","Eukaryota;Cnidaria;Hydrozoa;Leptothecata;Campanulariidae;Clytia;Clytia hemisphaerica","Clytia hemisphaerica"
"598","Zotu9161","COI","Eukaryota;Annelida;Haplotaxida;Naididae;Paranais;Paranais frici","Paranais frici"
"599","Zotu917","COI","Eukaryota;Mollusca;Bivalvia;Veneroida;Cardiidae;Cerastoderma;Cerastoderma edule","Cerastoderma edule"
"600","Zotu9186","COI","Eukaryota;Annelida;Polychaeta;Sabellida;Serpulidae;Hydroides;Hydroides ezoensis","Hydroides ezoensis"
"601","Zotu9226","COI","Eukaryota;Mollusca;Gastropoda;Hydrobiidae;Potamopyrgus;Potamopyrgus antipodarum","Potamopyrgus antipodarum"
"602","Zotu9235","COI","Eukaryota;Arthropoda;Insecta;Diptera;Chironomidae;Paratrichocladius;Paratrichocladius rufiventris","Paratrichocladius rufiventris"
"603","Zotu9255","COI","Eukaryota;Annelida;Polychaeta;Phyllodocida;Syllidae;Myrianida;Myrianida prolifera","Myrianida prolifera"
"604","Zotu926","COI","Eukaryota;Arthropoda;Maxillopoda;Calanoida;Clausocalanidae;Pseudocalanus;Pseudocalanus elongatus","Pseudocalanus elongatus"
"605","Zotu9302","COI","Eukaryota;Arthropoda;Malacostraca;Amphipoda;Corophiidae;Monocorophium;Monocorophium insidiosum","Monocorophium insidiosum"
"606","Zotu9407","COI","Eukaryota;Arthropoda;Insecta;Ephemeroptera;Baetidae;Baetis;Baetis rhodani","Baetis rhodani"
"607","Zotu949","COI","Eukaryota;Mollusca;Bivalvia;Veneroida;Cardiidae;Cerastoderma;Cerastoderma glaucum","Cerastoderma glaucum"
"608","Zotu95","COI","Eukaryota;Arthropoda;Maxillopoda;Sessilia;Archaeobalanidae;Semibalanus;Semibalanus balanoides","Semibalanus balanoides"
"609","Zotu9510","COI","Eukaryota;Annelida;Polychaeta;Sabellida;Sabellariidae;Sabellaria;Sabellaria spinulosa","Sabellaria spinulosa"
"610","Zotu9650","COI","Eukaryota;Arthropoda;Malacostraca;Mysida;Mysidae;Mesopodopsis;Mesopodopsis slabberi","Mesopodopsis slabberi"
"611","Zotu9670","COI","Eukaryota;Tardigrada;Heterotardigrada;Echiniscoidea;Echiniscidae;Echiniscus;Echiniscus testudo","Echiniscus testudo"
"612","Zotu9722","COI","Eukaryota;Bryozoa;Gymnolaemata;Cheilostomatida;Bugulidae;Bugula;Bugula fulva","Bugula fulva"
"613","Zotu978","COI","Eukaryota;Mollusca;Bivalvia;Mytiloida;Mytilidae;Mytilus;Mytilus galloprovincialis","Mytilus galloprovincialis"
"614","Zotu9806","COI","Eukaryota;Mollusca;Bivalvia;Mytiloida;Mytilidae;Mytilus;Mytilus edulis","Mytilus edulis"
